2026/09/12 05:58:00.878, 13132 MiB, 16311 MiB, 0 %, 33, 6.56 W, 180 MHz
2026/09/12 05:58:01.080, 13132 MiB, 16311 MiB, 0 %, 33, 7.08 W, 195 MHz
2026/09/12 05:58:01.282, 13132 MiB, 16311 MiB, 0 %, 33, 7.45 W, 195 MHz
2026/09/12 05:58:01.483, 13132 MiB, 16311 MiB, 0 %, 33, 7.74 W, 195 MHz
2026/09/12 05:58:01.685, 13132 MiB, 16311 MiB, 0 %, 33, 10.03 W, 180 MHz
2026/09/12 05:58:01.887, 13132 MiB, 16311 MiB, 0 %, 33, 10.03 W, 180 MHz
2026/09/12 05:58:02.088, 13132 MiB, 16311 MiB, 0 %, 33, 10.03 W, 180 MHz
2026/09/12 05:58:02.292, 13132 MiB, 16311 MiB, 0 %, 33, 10.03 W, 180 MHz
2026/09/12 05:58:02.494, 13132 MiB, 16311 MiB, 0 %, 33, 10.03 W, 180 MHz
2026/09/12 05:58:02.696, 13132 MiB, 16311 MiB, 0 %, 33, 10.03 W, 180 MHz
2026/09/12 05:58:02.898, 13132 MiB, 16311 MiB, 0 %, 33, 5.99 W, 180 MHz
2026/09/12 05:58:03.099, 13132 MiB, 16311 MiB, 0 %, 33, 5.99 W, 180 MHz
2026/09/12 05:58:03.301, 13132 MiB, 16311 MiB, 0 %, 33, 5.99 W, 180 MHz
2026/09/12 05:58:03.503, 13132 MiB, 16311 MiB, 0 %, 33, 5.99 W, 180 MHz
2026/09/12 05:58:03.705, 13132 MiB, 16311 MiB, 0 %, 33, 5.99 W, 180 MHz
2026/09/12 05:58:03.906, 13132 MiB, 16311 MiB, 0 %, 33, 5.99 W, 180 MHz
2026/09/12 05:58:04.107, 13132 MiB, 16311 MiB, 0 %, 33, 5.99 W, 180 MHz
2026/09/12 05:58:04.309, 13132 MiB, 16311 MiB, 0 %, 33, 5.99 W, 180 MHz
2026/09/12 05:58:04.511, 13132 MiB, 16311 MiB, 0 %, 33, 5.99 W, 180 MHz
2026/09/12 05:58:04.713, 13132 MiB, 16311 MiB, 0 %, 33, 5.92 W, 180 MHz
2026/09/12 05:58:04.914, 13132 MiB, 16311 MiB, 0 %, 33, 5.92 W, 180 MHz
2026/09/12 05:58:05.116, 13132 MiB, 16311 MiB, 0 %, 33, 5.92 W, 180 MHz
2026/09/12 05:58:05.317, 13132 MiB, 16311 MiB, 0 %, 33, 5.92 W, 180 MHz
2026/09/12 05:58:05.519, 13132 MiB, 16311 MiB, 0 %, 33, 5.94 W, 180 MHz
2026/09/12 05:58:05.721, 13132 MiB, 16311 MiB, 2 %, 33, 6.63 W, 187 MHz
2026/09/12 05:58:05.922, 13132 MiB, 16311 MiB, 0 %, 33, 10.39 W, 187 MHz
2026/09/12 05:58:06.123, 13132 MiB, 16311 MiB, 0 %, 33, 12.16 W, 187 MHz
2026/09/12 05:58:06.325, 13132 MiB, 16311 MiB, 0 %, 33, 13.55 W, 2610 MHz
2026/09/12 05:58:06.526, 13132 MiB, 16311 MiB, 0 %, 33, 22.60 W, 2610 MHz
2026/09/12 05:58:06.727, 13132 MiB, 16311 MiB, 0 %, 34, 25.40 W, 2610 MHz
2026/09/12 05:58:06.928, 13132 MiB, 16311 MiB, 0 %, 34, 25.40 W, 2610 MHz
2026/09/12 05:58:07.130, 13132 MiB, 16311 MiB, 0 %, 34, 25.40 W, 2610 MHz
2026/09/12 05:58:07.331, 13132 MiB, 16311 MiB, 0 %, 34, 25.40 W, 2610 MHz
2026/09/12 05:58:07.532, 13132 MiB, 16311 MiB, 0 %, 34, 25.27 W, 2610 MHz
2026/09/12 05:58:07.733, 13132 MiB, 16311 MiB, 0 %, 34, 25.27 W, 2610 MHz
2026/09/12 05:58:07.934, 13132 MiB, 16311 MiB, 0 %, 34, 25.27 W, 2610 MHz
2026/09/12 05:58:08.135, 13132 MiB, 16311 MiB, 0 %, 34, 25.27 W, 2610 MHz
2026/09/12 05:58:08.337, 13132 MiB, 16311 MiB, 0 %, 34, 25.27 W, 2610 MHz
2026/09/12 05:58:08.538, 13132 MiB, 16311 MiB, 0 %, 33, 18.27 W, 472 MHz
2026/09/12 05:58:08.740, 13132 MiB, 16311 MiB, 0 %, 33, 18.27 W, 472 MHz
2026/09/12 05:58:08.941, 13132 MiB, 16311 MiB, 0 %, 33, 18.27 W, 472 MHz
2026/09/12 05:58:09.144, 13132 MiB, 16311 MiB, 0 %, 33, 18.27 W, 472 MHz
2026/09/12 05:58:09.345, 13132 MiB, 16311 MiB, 0 %, 33, 9.60 W, 472 MHz
2026/09/12 05:58:09.546, 13132 MiB, 16311 MiB, 0 %, 33, 9.60 W, 277 MHz
2026/09/12 05:58:09.747, 13132 MiB, 16311 MiB, 0 %, 33, 9.60 W, 277 MHz
2026/09/12 05:58:09.949, 13132 MiB, 16311 MiB, 0 %, 33, 9.60 W, 277 MHz
2026/09/12 05:58:10.150, 13132 MiB, 16311 MiB, 0 %, 33, 8.17 W, 277 MHz
2026/09/12 05:58:10.351, 13132 MiB, 16311 MiB, 0 %, 33, 7.19 W, 195 MHz
2026/09/12 05:58:10.553, 13132 MiB, 16311 MiB, 0 %, 33, 7.61 W, 195 MHz
2026/09/12 05:58:10.754, 13132 MiB, 16311 MiB, 0 %, 33, 7.91 W, 195 MHz
2026/09/12 05:58:10.956, 13132 MiB, 16311 MiB, 0 %, 33, 8.17 W, 180 MHz
2026/09/12 05:58:11.157, 13132 MiB, 16311 MiB, 0 %, 33, 8.28 W, 180 MHz
2026/09/12 05:58:11.358, 13132 MiB, 16311 MiB, 0 %, 33, 8.28 W, 180 MHz
2026/09/12 05:58:11.560, 13132 MiB, 16311 MiB, 0 %, 33, 8.28 W, 180 MHz
2026/09/12 05:58:11.761, 13132 MiB, 16311 MiB, 0 %, 33, 8.28 W, 180 MHz
2026/09/12 05:58:11.963, 13132 MiB, 16311 MiB, 0 %, 33, 6.30 W, 180 MHz
2026/09/12 05:58:12.164, 13132 MiB, 16311 MiB, 0 %, 33, 6.30 W, 180 MHz
2026/09/12 05:58:12.366, 13132 MiB, 16311 MiB, 0 %, 33, 6.30 W, 180 MHz
2026/09/12 05:58:12.567, 13132 MiB, 16311 MiB, 0 %, 33, 6.30 W, 180 MHz
2026/09/12 05:58:12.769, 13132 MiB, 16311 MiB, 0 %, 33, 6.30 W, 180 MHz
2026/09/12 05:58:12.970, 13132 MiB, 16311 MiB, 0 %, 33, 5.86 W, 180 MHz
2026/09/12 05:58:13.172, 13132 MiB, 16311 MiB, 0 %, 33, 5.86 W, 180 MHz
2026/09/12 05:58:13.373, 13132 MiB, 16311 MiB, 0 %, 33, 5.86 W, 180 MHz
2026/09/12 05:58:13.575, 13132 MiB, 16311 MiB, 0 %, 33, 5.86 W, 180 MHz
2026/09/12 05:58:13.777, 13132 MiB, 16311 MiB, 0 %, 33, 5.88 W, 180 MHz
2026/09/12 05:58:13.978, 13132 MiB, 16311 MiB, 0 %, 33, 5.88 W, 180 MHz
2026/09/12 05:58:14.180, 13132 MiB, 16311 MiB, 0 %, 33, 5.88 W, 180 MHz
2026/09/12 05:58:14.383, 13132 MiB, 16311 MiB, 0 %, 33, 5.88 W, 180 MHz
2026/09/12 05:58:14.584, 13132 MiB, 16311 MiB, 0 %, 33, 5.88 W, 180 MHz
2026/09/12 05:58:14.786, 13132 MiB, 16311 MiB, 0 %, 33, 5.89 W, 180 MHz
2026/09/12 05:58:14.988, 13132 MiB, 16311 MiB, 0 %, 33, 5.89 W, 180 MHz
2026/09/12 05:58:15.189, 13132 MiB, 16311 MiB, 0 %, 33, 5.89 W, 180 MHz
2026/09/12 05:58:15.391, 13132 MiB, 16311 MiB, 0 %, 33, 5.89 W, 180 MHz
2026/09/12 05:58:15.592, 13132 MiB, 16311 MiB, 0 %, 33, 5.91 W, 180 MHz
2026/09/12 05:58:15.794, 13132 MiB, 16311 MiB, 0 %, 33, 5.91 W, 180 MHz
2026/09/12 05:58:15.995, 13132 MiB, 16311 MiB, 0 %, 33, 5.91 W, 180 MHz
2026/09/12 05:58:16.197, 13132 MiB, 16311 MiB, 0 %, 33, 5.91 W, 180 MHz
2026/09/12 05:58:16.399, 13132 MiB, 16311 MiB, 0 %, 33, 5.91 W, 180 MHz
2026/09/12 05:58:16.600, 13132 MiB, 16311 MiB, 0 %, 33, 5.92 W, 180 MHz
2026/09/12 05:58:16.802, 13132 MiB, 16311 MiB, 0 %, 33, 6.28 W, 180 MHz
2026/09/12 05:58:17.003, 13132 MiB, 16311 MiB, 26 %, 33, 9.54 W, 180 MHz
2026/09/12 05:58:17.204, 13132 MiB, 16311 MiB, 87 %, 33, 24.15 W, 2790 MHz
2026/09/12 05:58:17.405, 13132 MiB, 16311 MiB, 84 %, 41, 33.82 W, 2790 MHz
2026/09/12 05:58:17.606, 13132 MiB, 16311 MiB, 91 %, 41, 72.90 W, 2790 MHz
2026/09/12 05:58:17.807, 13132 MiB, 16311 MiB, 83 %, 41, 107.60 W, 2775 MHz
2026/09/12 05:58:18.008, 13132 MiB, 16311 MiB, 94 %, 45, 117.72 W, 2775 MHz
2026/09/12 05:58:18.209, 13132 MiB, 16311 MiB, 78 %, 45, 123.91 W, 2782 MHz
2026/09/12 05:58:18.411, 13132 MiB, 16311 MiB, 96 %, 45, 124.39 W, 2782 MHz
2026/09/12 05:58:18.612, 13132 MiB, 16311 MiB, 80 %, 46, 123.94 W, 2782 MHz
2026/09/12 05:58:18.813, 13132 MiB, 16311 MiB, 97 %, 46, 124.97 W, 2775 MHz
2026/09/12 05:58:19.015, 13132 MiB, 16311 MiB, 80 %, 46, 123.97 W, 2775 MHz
2026/09/12 05:58:19.216, 13132 MiB, 16311 MiB, 92 %, 45, 124.54 W, 2775 MHz
2026/09/12 05:58:19.417, 13132 MiB, 16311 MiB, 84 %, 45, 124.35 W, 2775 MHz
2026/09/12 05:58:19.618, 13132 MiB, 16311 MiB, 84 %, 46, 125.40 W, 2775 MHz
2026/09/12 05:58:19.819, 13132 MiB, 16311 MiB, 93 %, 46, 125.64 W, 2782 MHz
2026/09/12 05:58:20.020, 13132 MiB, 16311 MiB, 81 %, 46, 125.14 W, 2782 MHz
2026/09/12 05:58:20.221, 13132 MiB, 16311 MiB, 95 %, 43, 125.11 W, 2775 MHz
2026/09/12 05:58:20.422, 13132 MiB, 16311 MiB, 82 %, 43, 125.10 W, 2775 MHz
2026/09/12 05:58:20.624, 13132 MiB, 16311 MiB, 97 %, 46, 126.09 W, 2775 MHz
2026/09/12 05:58:20.825, 13132 MiB, 16311 MiB, 81 %, 46, 125.12 W, 2775 MHz
2026/09/12 05:58:21.027, 13132 MiB, 16311 MiB, 96 %, 46, 126.02 W, 2775 MHz
2026/09/12 05:58:21.228, 13132 MiB, 16311 MiB, 80 %, 47, 126.41 W, 2782 MHz
2026/09/12 05:58:21.430, 13132 MiB, 16311 MiB, 87 %, 47, 125.69 W, 2782 MHz
2026/09/12 05:58:21.631, 13132 MiB, 16311 MiB, 92 %, 46, 126.55 W, 2782 MHz
2026/09/12 05:58:21.833, 13132 MiB, 16311 MiB, 80 %, 46, 126.14 W, 2775 MHz
2026/09/12 05:58:22.034, 13132 MiB, 16311 MiB, 94 %, 46, 124.97 W, 2775 MHz
2026/09/12 05:58:22.235, 13132 MiB, 16311 MiB, 82 %, 48, 125.10 W, 2782 MHz
2026/09/12 05:58:22.436, 13132 MiB, 16311 MiB, 97 %, 48, 127.56 W, 2782 MHz
2026/09/12 05:58:22.638, 13132 MiB, 16311 MiB, 82 %, 48, 125.18 W, 2775 MHz
2026/09/12 05:58:22.839, 13132 MiB, 16311 MiB, 97 %, 47, 128.82 W, 2775 MHz
2026/09/12 05:58:23.040, 13132 MiB, 16311 MiB, 81 %, 47, 125.81 W, 2775 MHz
2026/09/12 05:58:23.242, 13132 MiB, 16311 MiB, 86 %, 47, 125.90 W, 2775 MHz
2026/09/12 05:58:23.443, 13132 MiB, 16311 MiB, 91 %, 48, 128.77 W, 2775 MHz
2026/09/12 05:58:23.644, 13132 MiB, 16311 MiB, 84 %, 48, 125.82 W, 2782 MHz
2026/09/12 05:58:23.847, 13132 MiB, 16311 MiB, 94 %, 48, 126.55 W, 2782 MHz
2026/09/12 05:58:24.048, 13132 MiB, 16311 MiB, 82 %, 46, 126.97 W, 2782 MHz
2026/09/12 05:58:24.249, 13132 MiB, 16311 MiB, 96 %, 46, 126.59 W, 2775 MHz
2026/09/12 05:58:24.451, 13132 MiB, 16311 MiB, 80 %, 46, 126.63 W, 2775 MHz
2026/09/12 05:58:24.653, 13132 MiB, 16311 MiB, 96 %, 48, 129.18 W, 2782 MHz
2026/09/12 05:58:24.854, 13132 MiB, 16311 MiB, 97 %, 48, 130.00 W, 2782 MHz
2026/09/12 05:58:25.055, 13132 MiB, 16311 MiB, 83 %, 48, 130.12 W, 2782 MHz
2026/09/12 05:58:25.256, 13132 MiB, 16311 MiB, 95 %, 48, 130.23 W, 2775 MHz
2026/09/12 05:58:25.457, 13132 MiB, 16311 MiB, 97 %, 48, 133.64 W, 2775 MHz
2026/09/12 05:58:25.659, 13132 MiB, 16311 MiB, 89 %, 48, 130.88 W, 2782 MHz
2026/09/12 05:58:25.860, 13132 MiB, 16311 MiB, 89 %, 49, 130.11 W, 2782 MHz
2026/09/12 05:58:26.061, 13132 MiB, 16311 MiB, 97 %, 49, 133.53 W, 2782 MHz
2026/09/12 05:58:26.262, 13132 MiB, 16311 MiB, 97 %, 49, 128.18 W, 2782 MHz
2026/09/12 05:58:26.464, 13132 MiB, 16311 MiB, 62 %, 49, 126.60 W, 2782 MHz
2026/09/12 05:58:26.667, 13132 MiB, 16311 MiB, 96 %, 49, 127.72 W, 2775 MHz
2026/09/12 05:58:26.869, 13132 MiB, 16311 MiB, 97 %, 49, 128.98 W, 2775 MHz
2026/09/12 05:58:27.072, 13132 MiB, 16311 MiB, 84 %, 49, 126.31 W, 2775 MHz
2026/09/12 05:58:28.731, 13132 MiB, 16311 MiB, 93 %, 49, 126.24 W, 2775 MHz
2026/09/12 05:58:28.933, 13132 MiB, 16311 MiB, 97 %, 49, 133.35 W, 2775 MHz
2026/09/12 05:58:29.135, 13132 MiB, 16311 MiB, 96 %, 49, 130.09 W, 2782 MHz
2026/09/12 05:58:29.339, 13132 MiB, 16311 MiB, 81 %, 49, 129.53 W, 2782 MHz
2026/09/12 05:58:29.541, 13132 MiB, 16311 MiB, 96 %, 49, 133.35 W, 2782 MHz
2026/09/12 05:58:29.744, 13132 MiB, 16311 MiB, 97 %, 50, 132.32 W, 2782 MHz
2026/09/12 05:58:29.947, 13132 MiB, 16311 MiB, 82 %, 50, 130.25 W, 2782 MHz
2026/09/12 05:58:30.149, 13132 MiB, 16311 MiB, 97 %, 50, 130.93 W, 2775 MHz
2026/09/12 05:58:30.351, 13132 MiB, 16311 MiB, 97 %, 49, 134.09 W, 2775 MHz
2026/09/12 05:58:30.554, 13132 MiB, 16311 MiB, 85 %, 49, 130.68 W, 2775 MHz
2026/09/12 05:58:30.756, 13132 MiB, 16311 MiB, 94 %, 49, 132.33 W, 2775 MHz
2026/09/12 05:58:30.958, 13132 MiB, 16311 MiB, 97 %, 49, 134.37 W, 2775 MHz
2026/09/12 05:58:31.161, 13132 MiB, 16311 MiB, 97 %, 49, 130.75 W, 2782 MHz
2026/09/12 05:58:31.364, 13132 MiB, 16311 MiB, 81 %, 49, 131.06 W, 2782 MHz
2026/09/12 05:58:31.567, 13132 MiB, 16311 MiB, 97 %, 50, 133.95 W, 2782 MHz
2026/09/12 05:58:31.769, 13132 MiB, 16311 MiB, 97 %, 50, 131.46 W, 2782 MHz
2026/09/12 05:58:31.972, 13132 MiB, 16311 MiB, 81 %, 50, 130.31 W, 2782 MHz
2026/09/12 05:58:32.174, 13132 MiB, 16311 MiB, 97 %, 50, 131.01 W, 2775 MHz
2026/09/12 05:58:32.377, 13132 MiB, 16311 MiB, 97 %, 50, 134.37 W, 2775 MHz
2026/09/12 05:58:32.579, 13132 MiB, 16311 MiB, 63 %, 50, 126.31 W, 2775 MHz
2026/09/12 05:58:32.782, 13132 MiB, 16311 MiB, 91 %, 48, 126.23 W, 2767 MHz
2026/09/12 05:58:32.985, 13132 MiB, 16311 MiB, 97 %, 48, 129.58 W, 2767 MHz
2026/09/12 05:58:33.187, 13132 MiB, 16311 MiB, 97 %, 48, 125.75 W, 2775 MHz
2026/09/12 05:58:33.390, 13132 MiB, 16311 MiB, 81 %, 50, 126.40 W, 2775 MHz
2026/09/12 05:58:33.592, 13132 MiB, 16311 MiB, 97 %, 50, 134.23 W, 2775 MHz
2026/09/12 05:58:33.795, 13132 MiB, 16311 MiB, 97 %, 50, 134.35 W, 2782 MHz
2026/09/12 05:58:33.997, 13132 MiB, 16311 MiB, 83 %, 51, 131.14 W, 2782 MHz
2026/09/12 05:58:34.200, 13132 MiB, 16311 MiB, 97 %, 51, 131.80 W, 2775 MHz
2026/09/12 05:58:34.402, 13132 MiB, 16311 MiB, 97 %, 51, 134.78 W, 2775 MHz
2026/09/12 05:58:34.605, 13132 MiB, 16311 MiB, 87 %, 51, 131.27 W, 2775 MHz
2026/09/12 05:58:34.808, 13132 MiB, 16311 MiB, 91 %, 51, 131.81 W, 2767 MHz
2026/09/12 05:58:35.010, 13132 MiB, 16311 MiB, 97 %, 50, 134.77 W, 2767 MHz
2026/09/12 05:58:35.213, 13132 MiB, 16311 MiB, 97 %, 50, 132.32 W, 2775 MHz
2026/09/12 05:58:35.415, 13132 MiB, 16311 MiB, 82 %, 50, 131.82 W, 2775 MHz
2026/09/12 05:58:35.618, 13132 MiB, 16311 MiB, 97 %, 51, 134.12 W, 2775 MHz
2026/09/12 05:58:35.821, 13132 MiB, 16311 MiB, 97 %, 51, 133.39 W, 2775 MHz
2026/09/12 05:58:36.022, 13132 MiB, 16311 MiB, 81 %, 51, 131.87 W, 2775 MHz
2026/09/12 05:58:36.223, 13132 MiB, 16311 MiB, 97 %, 51, 134.40 W, 2767 MHz
2026/09/12 05:58:36.424, 13132 MiB, 16311 MiB, 85 %, 51, 131.80 W, 2767 MHz
2026/09/12 05:58:36.626, 13132 MiB, 16311 MiB, 93 %, 51, 131.21 W, 2767 MHz
2026/09/12 05:58:36.827, 13132 MiB, 16311 MiB, 97 %, 51, 134.63 W, 2767 MHz
2026/09/12 05:58:37.028, 13132 MiB, 16311 MiB, 97 %, 52, 135.05 W, 2775 MHz
2026/09/12 05:58:37.229, 13132 MiB, 16311 MiB, 82 %, 52, 131.99 W, 2775 MHz
2026/09/12 05:58:37.430, 13132 MiB, 16311 MiB, 97 %, 52, 134.53 W, 2775 MHz
2026/09/12 05:58:37.631, 13132 MiB, 16311 MiB, 97 %, 52, 132.40 W, 2775 MHz
2026/09/12 05:58:37.833, 13132 MiB, 16311 MiB, 82 %, 52, 131.38 W, 2775 MHz
2026/09/12 05:58:38.034, 13132 MiB, 16311 MiB, 97 %, 52, 132.07 W, 2767 MHz
2026/09/12 05:58:38.235, 13132 MiB, 16311 MiB, 84 %, 52, 132.08 W, 2767 MHz
2026/09/12 05:58:38.436, 13132 MiB, 16311 MiB, 94 %, 52, 131.57 W, 2767 MHz
2026/09/12 05:58:38.637, 13132 MiB, 16311 MiB, 97 %, 52, 135.07 W, 2767 MHz
2026/09/12 05:58:38.838, 13132 MiB, 16311 MiB, 93 %, 51, 134.79 W, 2767 MHz
2026/09/12 05:58:39.040, 13132 MiB, 16311 MiB, 83 %, 51, 131.21 W, 2775 MHz
2026/09/12 05:58:39.241, 13132 MiB, 16311 MiB, 96 %, 51, 134.58 W, 2775 MHz
2026/09/12 05:58:39.442, 13132 MiB, 16311 MiB, 97 %, 52, 134.91 W, 2775 MHz
2026/09/12 05:58:39.643, 13132 MiB, 16311 MiB, 97 %, 52, 134.96 W, 2775 MHz
2026/09/12 05:58:39.845, 13132 MiB, 16311 MiB, 97 %, 52, 138.48 W, 2775 MHz
2026/09/12 05:58:40.046, 13132 MiB, 16311 MiB, 97 %, 52, 135.36 W, 2775 MHz
2026/09/12 05:58:40.247, 13132 MiB, 16311 MiB, 74 %, 52, 133.80 W, 2767 MHz
2026/09/12 05:58:40.448, 13132 MiB, 16311 MiB, 97 %, 52, 133.96 W, 2767 MHz
2026/09/12 05:58:40.650, 13132 MiB, 16311 MiB, 97 %, 52, 133.88 W, 2767 MHz
2026/09/12 05:58:40.851, 13139 MiB, 16311 MiB, 96 %, 52, 133.73 W, 2775 MHz
2026/09/12 05:58:41.052, 13139 MiB, 16311 MiB, 97 %, 52, 138.58 W, 2775 MHz
2026/09/12 05:58:41.253, 13139 MiB, 16311 MiB, 85 %, 52, 135.43 W, 2775 MHz
2026/09/12 05:58:41.454, 13139 MiB, 16311 MiB, 94 %, 52, 135.39 W, 2775 MHz
2026/09/12 05:58:41.655, 13139 MiB, 16311 MiB, 97 %, 53, 135.64 W, 2775 MHz
2026/09/12 05:58:41.856, 13139 MiB, 16311 MiB, 96 %, 53, 135.89 W, 2775 MHz
2026/09/12 05:58:42.058, 13139 MiB, 16311 MiB, 97 %, 53, 135.94 W, 2775 MHz
2026/09/12 05:58:42.259, 13139 MiB, 16311 MiB, 97 %, 53, 139.04 W, 2775 MHz
2026/09/12 05:58:42.460, 13139 MiB, 16311 MiB, 81 %, 53, 135.77 W, 2775 MHz
2026/09/12 05:58:42.661, 13139 MiB, 16311 MiB, 97 %, 53, 135.42 W, 2767 MHz
2026/09/12 05:58:42.862, 13139 MiB, 16311 MiB, 97 %, 52, 135.80 W, 2767 MHz
2026/09/12 05:58:43.063, 13139 MiB, 16311 MiB, 96 %, 52, 135.79 W, 2775 MHz
2026/09/12 05:58:43.264, 13139 MiB, 16311 MiB, 97 %, 52, 135.41 W, 2775 MHz
2026/09/12 05:58:43.465, 13139 MiB, 16311 MiB, 97 %, 53, 138.30 W, 2775 MHz
2026/09/12 05:58:43.667, 13139 MiB, 16311 MiB, 82 %, 53, 135.78 W, 2775 MHz
2026/09/12 05:58:43.868, 13139 MiB, 16311 MiB, 97 %, 53, 135.75 W, 2775 MHz
2026/09/12 05:58:44.069, 13139 MiB, 16311 MiB, 97 %, 53, 135.74 W, 2767 MHz
2026/09/12 05:58:44.270, 13139 MiB, 16311 MiB, 97 %, 53, 136.07 W, 2767 MHz
2026/09/12 05:58:44.471, 13139 MiB, 16311 MiB, 97 %, 53, 136.88 W, 2775 MHz
2026/09/12 05:58:44.672, 13139 MiB, 16311 MiB, 83 %, 53, 135.97 W, 2775 MHz
2026/09/12 05:58:44.873, 13139 MiB, 16311 MiB, 91 %, 53, 134.92 W, 2767 MHz
2026/09/12 05:58:45.075, 13139 MiB, 16311 MiB, 97 %, 53, 135.04 W, 2767 MHz
2026/09/12 05:58:45.276, 13135 MiB, 16311 MiB, 97 %, 52, 135.38 W, 2767 MHz
2026/09/12 05:58:45.477, 13135 MiB, 16311 MiB, 97 %, 52, 134.96 W, 2775 MHz
2026/09/12 05:58:45.678, 13135 MiB, 16311 MiB, 97 %, 52, 139.46 W, 2775 MHz
2026/09/12 05:58:45.879, 13135 MiB, 16311 MiB, 97 %, 54, 136.88 W, 2775 MHz
2026/09/12 05:58:46.080, 13135 MiB, 16311 MiB, 83 %, 54, 136.29 W, 2775 MHz
2026/09/12 05:58:46.281, 13135 MiB, 16311 MiB, 97 %, 54, 136.58 W, 2767 MHz
2026/09/12 05:58:46.483, 13135 MiB, 16311 MiB, 97 %, 53, 136.32 W, 2767 MHz
2026/09/12 05:58:46.684, 13135 MiB, 16311 MiB, 96 %, 53, 136.52 W, 2775 MHz
2026/09/12 05:58:46.885, 13135 MiB, 16311 MiB, 97 %, 53, 138.91 W, 2775 MHz
2026/09/12 05:58:47.087, 13135 MiB, 16311 MiB, 83 %, 54, 136.33 W, 2775 MHz
2026/09/12 05:58:47.288, 13135 MiB, 16311 MiB, 97 %, 54, 136.30 W, 2767 MHz
2026/09/12 05:58:47.489, 13135 MiB, 16311 MiB, 97 %, 54, 136.60 W, 2767 MHz
2026/09/12 05:58:47.690, 13135 MiB, 16311 MiB, 97 %, 53, 136.40 W, 2767 MHz
2026/09/12 05:58:47.892, 13135 MiB, 16311 MiB, 97 %, 53, 136.69 W, 2767 MHz
2026/09/12 05:58:48.093, 13135 MiB, 16311 MiB, 97 %, 54, 139.61 W, 2767 MHz
2026/09/12 05:58:48.294, 13135 MiB, 16311 MiB, 86 %, 54, 136.58 W, 2767 MHz
2026/09/12 05:58:48.495, 13135 MiB, 16311 MiB, 92 %, 54, 136.26 W, 2767 MHz
2026/09/12 05:58:48.696, 13135 MiB, 16311 MiB, 96 %, 54, 136.04 W, 2767 MHz
2026/09/12 05:58:48.898, 13135 MiB, 16311 MiB, 96 %, 54, 135.87 W, 2767 MHz
2026/09/12 05:58:49.099, 13135 MiB, 16311 MiB, 97 %, 54, 137.76 W, 2767 MHz
2026/09/12 05:58:49.300, 13135 MiB, 16311 MiB, 97 %, 54, 138.80 W, 2767 MHz
2026/09/12 05:58:49.501, 13135 MiB, 16311 MiB, 80 %, 54, 135.22 W, 2767 MHz
2026/09/12 05:58:49.702, 13135 MiB, 16311 MiB, 97 %, 54, 135.57 W, 2767 MHz
2026/09/12 05:58:49.904, 13135 MiB, 16311 MiB, 97 %, 54, 136.02 W, 2767 MHz
2026/09/12 05:58:50.105, 13135 MiB, 16311 MiB, 97 %, 54, 135.74 W, 2767 MHz
2026/09/12 05:58:50.306, 13135 MiB, 16311 MiB, 97 %, 54, 136.14 W, 2767 MHz
2026/09/12 05:58:50.507, 13135 MiB, 16311 MiB, 97 %, 54, 139.64 W, 2767 MHz
2026/09/12 05:58:50.708, 13135 MiB, 16311 MiB, 97 %, 54, 136.44 W, 2767 MHz
2026/09/12 05:58:50.909, 13135 MiB, 16311 MiB, 97 %, 54, 136.41 W, 2767 MHz
2026/09/12 05:58:51.110, 13135 MiB, 16311 MiB, 97 %, 54, 136.31 W, 2767 MHz
2026/09/12 05:58:51.311, 13135 MiB, 16311 MiB, 97 %, 54, 136.35 W, 2767 MHz
2026/09/12 05:58:51.512, 13135 MiB, 16311 MiB, 97 %, 54, 136.67 W, 2767 MHz
2026/09/12 05:58:51.713, 13135 MiB, 16311 MiB, 78 %, 51, 133.51 W, 2767 MHz
2026/09/12 05:58:51.915, 13135 MiB, 16311 MiB, 88 %, 51, 133.99 W, 2767 MHz
2026/09/12 05:58:52.116, 13135 MiB, 16311 MiB, 97 %, 51, 134.10 W, 2767 MHz
2026/09/12 05:58:52.317, 13135 MiB, 16311 MiB, 97 %, 54, 133.46 W, 2767 MHz
2026/09/12 05:58:52.518, 13135 MiB, 16311 MiB, 97 %, 54, 133.42 W, 2767 MHz
2026/09/12 05:58:52.719, 13135 MiB, 16311 MiB, 97 %, 54, 137.33 W, 2767 MHz
2026/09/12 05:58:52.920, 13135 MiB, 16311 MiB, 97 %, 54, 136.89 W, 2767 MHz
2026/09/12 05:58:53.122, 13135 MiB, 16311 MiB, 82 %, 54, 136.28 W, 2767 MHz
2026/09/12 05:58:53.323, 13135 MiB, 16311 MiB, 96 %, 54, 136.32 W, 2767 MHz
2026/09/12 05:58:53.525, 13135 MiB, 16311 MiB, 97 %, 54, 136.39 W, 2767 MHz
2026/09/12 05:58:53.726, 13135 MiB, 16311 MiB, 97 %, 54, 136.40 W, 2767 MHz
2026/09/12 05:58:53.927, 13135 MiB, 16311 MiB, 97 %, 54, 136.72 W, 2767 MHz
2026/09/12 05:58:54.128, 13135 MiB, 16311 MiB, 97 %, 54, 139.83 W, 2767 MHz
2026/09/12 05:58:54.330, 13135 MiB, 16311 MiB, 83 %, 54, 136.35 W, 2767 MHz
2026/09/12 05:58:54.531, 13132 MiB, 16311 MiB, 95 %, 54, 136.32 W, 2767 MHz
2026/09/12 05:58:54.732, 13132 MiB, 16311 MiB, 97 %, 55, 136.27 W, 2767 MHz
2026/09/12 05:58:54.933, 13132 MiB, 16311 MiB, 97 %, 55, 136.55 W, 2767 MHz
2026/09/12 05:58:55.135, 13132 MiB, 16311 MiB, 97 %, 55, 136.26 W, 2767 MHz
2026/09/12 05:58:55.336, 13132 MiB, 16311 MiB, 97 %, 55, 139.41 W, 2767 MHz
2026/09/12 05:58:55.537, 13132 MiB, 16311 MiB, 90 %, 55, 136.51 W, 2767 MHz
2026/09/12 05:58:55.738, 13132 MiB, 16311 MiB, 89 %, 55, 136.74 W, 2767 MHz
2026/09/12 05:58:55.940, 13132 MiB, 16311 MiB, 97 %, 54, 136.81 W, 2767 MHz
2026/09/12 05:58:56.141, 13132 MiB, 16311 MiB, 97 %, 54, 136.80 W, 2767 MHz
2026/09/12 05:58:56.342, 13132 MiB, 16311 MiB, 97 %, 54, 136.81 W, 2767 MHz
2026/09/12 05:58:56.543, 13132 MiB, 16311 MiB, 97 %, 55, 138.09 W, 2767 MHz
2026/09/12 05:58:56.744, 13132 MiB, 16311 MiB, 97 %, 55, 137.23 W, 2767 MHz
2026/09/12 05:58:56.946, 13132 MiB, 16311 MiB, 83 %, 55, 136.76 W, 2767 MHz
2026/09/12 05:58:57.147, 13132 MiB, 16311 MiB, 97 %, 55, 136.92 W, 2767 MHz
2026/09/12 05:58:57.348, 13132 MiB, 16311 MiB, 96 %, 55, 136.91 W, 2767 MHz
2026/09/12 05:58:57.549, 13132 MiB, 16311 MiB, 97 %, 55, 136.52 W, 2767 MHz
2026/09/12 05:58:57.751, 13132 MiB, 16311 MiB, 97 %, 55, 136.92 W, 2767 MHz
2026/09/12 05:58:57.952, 13132 MiB, 16311 MiB, 97 %, 55, 139.84 W, 2767 MHz
2026/09/12 05:58:58.153, 13132 MiB, 16311 MiB, 84 %, 55, 137.03 W, 2767 MHz
2026/09/12 05:58:58.355, 13132 MiB, 16311 MiB, 96 %, 55, 137.09 W, 2767 MHz
2026/09/12 05:58:58.556, 13132 MiB, 16311 MiB, 97 %, 54, 137.06 W, 2767 MHz
2026/09/12 05:58:58.757, 13132 MiB, 16311 MiB, 97 %, 54, 136.74 W, 2767 MHz
2026/09/12 05:58:58.959, 13132 MiB, 16311 MiB, 97 %, 54, 136.77 W, 2767 MHz
2026/09/12 05:58:59.160, 13132 MiB, 16311 MiB, 97 %, 55, 140.01 W, 2767 MHz
2026/09/12 05:58:59.361, 13132 MiB, 16311 MiB, 86 %, 55, 129.17 W, 2767 MHz
2026/09/12 05:58:59.563, 13132 MiB, 16311 MiB, 58 %, 55, 128.73 W, 2767 MHz
2026/09/12 05:58:59.764, 13132 MiB, 16311 MiB, 97 %, 55, 129.63 W, 2767 MHz
2026/09/12 05:58:59.966, 13132 MiB, 16311 MiB, 96 %, 55, 128.50 W, 2767 MHz
2026/09/12 05:59:00.169, 13132 MiB, 16311 MiB, 97 %, 55, 129.59 W, 2767 MHz
2026/09/12 05:59:00.371, 13132 MiB, 16311 MiB, 97 %, 55, 139.59 W, 2767 MHz
2026/09/12 05:59:00.572, 13132 MiB, 16311 MiB, 83 %, 55, 137.12 W, 2767 MHz
2026/09/12 05:59:00.774, 13132 MiB, 16311 MiB, 95 %, 55, 136.74 W, 2767 MHz
2026/09/12 05:59:02.419, 13132 MiB, 16311 MiB, 97 %, 55, 137.08 W, 2767 MHz
2026/09/12 05:59:02.620, 13132 MiB, 16311 MiB, 97 %, 55, 137.10 W, 2767 MHz
2026/09/12 05:59:02.822, 13132 MiB, 16311 MiB, 97 %, 55, 137.09 W, 2767 MHz
2026/09/12 05:59:03.023, 13132 MiB, 16311 MiB, 97 %, 55, 139.80 W, 2767 MHz
2026/09/12 05:59:03.224, 13132 MiB, 16311 MiB, 89 %, 55, 138.84 W, 2767 MHz
2026/09/12 05:59:03.425, 13132 MiB, 16311 MiB, 91 %, 55, 137.02 W, 2767 MHz
2026/09/12 05:59:03.626, 13132 MiB, 16311 MiB, 96 %, 55, 136.95 W, 2767 MHz
2026/09/12 05:59:03.828, 13132 MiB, 16311 MiB, 97 %, 55, 136.82 W, 2767 MHz
2026/09/12 05:59:04.029, 13132 MiB, 16311 MiB, 97 %, 55, 137.10 W, 2767 MHz
2026/09/12 05:59:04.230, 13132 MiB, 16311 MiB, 97 %, 55, 138.34 W, 2767 MHz
2026/09/12 05:59:04.431, 13132 MiB, 16311 MiB, 97 %, 55, 140.07 W, 2767 MHz
2026/09/12 05:59:04.632, 13132 MiB, 16311 MiB, 80 %, 56, 136.51 W, 2775 MHz
2026/09/12 05:59:04.833, 13132 MiB, 16311 MiB, 96 %, 56, 136.24 W, 2775 MHz
2026/09/12 05:59:05.034, 13132 MiB, 16311 MiB, 97 %, 52, 136.64 W, 2775 MHz
2026/09/12 05:59:05.235, 13132 MiB, 16311 MiB, 97 %, 52, 136.69 W, 2767 MHz
2026/09/12 05:59:05.436, 13132 MiB, 16311 MiB, 97 %, 52, 136.44 W, 2767 MHz
2026/09/12 05:59:05.637, 13132 MiB, 16311 MiB, 97 %, 55, 140.29 W, 2767 MHz
2026/09/12 05:59:05.838, 13132 MiB, 16311 MiB, 97 %, 55, 140.39 W, 2767 MHz
2026/09/12 05:59:06.039, 13132 MiB, 16311 MiB, 97 %, 56, 140.37 W, 2767 MHz
2026/09/12 05:59:06.240, 13132 MiB, 16311 MiB, 97 %, 56, 140.38 W, 2767 MHz
2026/09/12 05:59:06.442, 13132 MiB, 16311 MiB, 97 %, 56, 140.40 W, 2767 MHz
2026/09/12 05:59:06.644, 13132 MiB, 16311 MiB, 97 %, 56, 140.26 W, 2767 MHz
2026/09/12 05:59:06.845, 13132 MiB, 16311 MiB, 96 %, 56, 140.21 W, 2767 MHz
2026/09/12 05:59:07.046, 13132 MiB, 16311 MiB, 78 %, 56, 135.25 W, 2767 MHz
2026/09/12 05:59:07.248, 13132 MiB, 16311 MiB, 93 %, 56, 135.11 W, 2767 MHz
2026/09/12 05:59:07.449, 13132 MiB, 16311 MiB, 97 %, 56, 135.04 W, 2767 MHz
2026/09/12 05:59:07.650, 13132 MiB, 16311 MiB, 97 %, 52, 134.57 W, 2767 MHz
2026/09/12 05:59:07.852, 13132 MiB, 16311 MiB, 96 %, 52, 135.09 W, 2767 MHz
2026/09/12 05:59:08.053, 13132 MiB, 16311 MiB, 97 %, 56, 139.59 W, 2767 MHz
2026/09/12 05:59:08.254, 13132 MiB, 16311 MiB, 96 %, 56, 140.26 W, 2767 MHz
2026/09/12 05:59:08.455, 13132 MiB, 16311 MiB, 97 %, 56, 140.18 W, 2767 MHz
2026/09/12 05:59:08.657, 13132 MiB, 16311 MiB, 97 %, 56, 140.19 W, 2767 MHz
2026/09/12 05:59:08.858, 13132 MiB, 16311 MiB, 97 %, 56, 140.25 W, 2767 MHz
2026/09/12 05:59:09.059, 13132 MiB, 16311 MiB, 97 %, 56, 140.24 W, 2767 MHz
2026/09/12 05:59:09.260, 13132 MiB, 16311 MiB, 97 %, 56, 140.33 W, 2767 MHz
2026/09/12 05:59:09.462, 13132 MiB, 16311 MiB, 97 %, 56, 140.45 W, 2767 MHz
2026/09/12 05:59:09.663, 13132 MiB, 16311 MiB, 82 %, 56, 137.37 W, 2767 MHz
2026/09/12 05:59:09.864, 13132 MiB, 16311 MiB, 97 %, 56, 137.38 W, 2767 MHz
2026/09/12 05:59:10.065, 13132 MiB, 16311 MiB, 97 %, 56, 137.08 W, 2767 MHz
2026/09/12 05:59:10.266, 13132 MiB, 16311 MiB, 97 %, 56, 137.06 W, 2767 MHz
2026/09/12 05:59:10.467, 13132 MiB, 16311 MiB, 97 %, 56, 137.42 W, 2767 MHz
2026/09/12 05:59:10.668, 13132 MiB, 16311 MiB, 97 %, 56, 140.55 W, 2767 MHz
2026/09/12 05:59:10.870, 13132 MiB, 16311 MiB, 97 %, 56, 140.54 W, 2767 MHz
2026/09/12 05:59:11.071, 13132 MiB, 16311 MiB, 97 %, 56, 140.65 W, 2767 MHz
2026/09/12 05:59:11.272, 13132 MiB, 16311 MiB, 97 %, 56, 140.60 W, 2767 MHz
2026/09/12 05:59:11.473, 13132 MiB, 16311 MiB, 97 %, 56, 140.53 W, 2767 MHz
2026/09/12 05:59:11.674, 13132 MiB, 16311 MiB, 97 %, 56, 140.58 W, 2767 MHz
2026/09/12 05:59:11.875, 13132 MiB, 16311 MiB, 82 %, 56, 137.53 W, 2767 MHz
2026/09/12 05:59:12.076, 13132 MiB, 16311 MiB, 97 %, 56, 137.24 W, 2767 MHz
2026/09/12 05:59:12.278, 13132 MiB, 16311 MiB, 97 %, 56, 137.08 W, 2767 MHz
2026/09/12 05:59:12.479, 13132 MiB, 16311 MiB, 97 %, 56, 137.05 W, 2767 MHz
2026/09/12 05:59:12.680, 13132 MiB, 16311 MiB, 97 %, 56, 137.33 W, 2767 MHz
2026/09/12 05:59:12.881, 13132 MiB, 16311 MiB, 96 %, 56, 140.38 W, 2767 MHz
2026/09/12 05:59:13.082, 13132 MiB, 16311 MiB, 97 %, 56, 140.40 W, 2767 MHz
2026/09/12 05:59:13.284, 13132 MiB, 16311 MiB, 97 %, 56, 140.55 W, 2767 MHz
2026/09/12 05:59:13.485, 13132 MiB, 16311 MiB, 97 %, 56, 140.59 W, 2767 MHz
2026/09/12 05:59:13.686, 13132 MiB, 16311 MiB, 97 %, 56, 140.67 W, 2767 MHz
2026/09/12 05:59:13.887, 13132 MiB, 16311 MiB, 97 %, 56, 140.68 W, 2767 MHz
2026/09/12 05:59:14.088, 13132 MiB, 16311 MiB, 87 %, 56, 137.68 W, 2767 MHz
2026/09/12 05:59:14.290, 13132 MiB, 16311 MiB, 92 %, 56, 137.33 W, 2767 MHz
2026/09/12 05:59:14.491, 13132 MiB, 16311 MiB, 97 %, 56, 137.33 W, 2767 MHz
2026/09/12 05:59:14.692, 13132 MiB, 16311 MiB, 97 %, 56, 137.26 W, 2767 MHz
2026/09/12 05:59:14.893, 13132 MiB, 16311 MiB, 97 %, 56, 137.26 W, 2767 MHz
2026/09/12 05:59:15.094, 13132 MiB, 16311 MiB, 97 %, 56, 140.64 W, 2767 MHz
2026/09/12 05:59:15.295, 13132 MiB, 16311 MiB, 97 %, 56, 140.65 W, 2767 MHz
2026/09/12 05:59:15.496, 13132 MiB, 16311 MiB, 97 %, 56, 140.62 W, 2767 MHz
2026/09/12 05:59:15.698, 13132 MiB, 16311 MiB, 97 %, 56, 140.63 W, 2767 MHz
2026/09/12 05:59:15.899, 13132 MiB, 16311 MiB, 97 %, 56, 140.73 W, 2767 MHz
2026/09/12 05:59:16.100, 13132 MiB, 16311 MiB, 97 %, 56, 140.70 W, 2767 MHz
2026/09/12 05:59:16.301, 13132 MiB, 16311 MiB, 97 %, 56, 137.58 W, 2767 MHz
2026/09/12 05:59:16.503, 13132 MiB, 16311 MiB, 80 %, 56, 137.07 W, 2767 MHz
2026/09/12 05:59:16.704, 13132 MiB, 16311 MiB, 97 %, 56, 136.75 W, 2767 MHz
2026/09/12 05:59:16.905, 13132 MiB, 16311 MiB, 97 %, 56, 137.04 W, 2767 MHz
2026/09/12 05:59:17.106, 13132 MiB, 16311 MiB, 97 %, 57, 136.64 W, 2767 MHz
2026/09/12 05:59:17.307, 13132 MiB, 16311 MiB, 96 %, 57, 140.54 W, 2767 MHz
2026/09/12 05:59:17.508, 13132 MiB, 16311 MiB, 97 %, 57, 140.62 W, 2767 MHz
2026/09/12 05:59:17.709, 13132 MiB, 16311 MiB, 97 %, 57, 140.65 W, 2767 MHz
2026/09/12 05:59:17.911, 13132 MiB, 16311 MiB, 97 %, 57, 140.75 W, 2767 MHz
2026/09/12 05:59:18.112, 13132 MiB, 16311 MiB, 97 %, 57, 140.88 W, 2767 MHz
2026/09/12 05:59:18.313, 13132 MiB, 16311 MiB, 97 %, 57, 141.01 W, 2767 MHz
2026/09/12 05:59:18.514, 13132 MiB, 16311 MiB, 97 %, 57, 141.00 W, 2767 MHz
2026/09/12 05:59:18.715, 13132 MiB, 16311 MiB, 84 %, 57, 137.82 W, 2767 MHz
2026/09/12 05:59:18.916, 13132 MiB, 16311 MiB, 94 %, 56, 137.44 W, 2760 MHz
2026/09/12 05:59:19.117, 13132 MiB, 16311 MiB, 97 %, 56, 137.75 W, 2760 MHz
2026/09/12 05:59:19.318, 13132 MiB, 16311 MiB, 97 %, 56, 137.43 W, 2767 MHz
2026/09/12 05:59:19.520, 13132 MiB, 16311 MiB, 97 %, 57, 140.28 W, 2767 MHz
2026/09/12 05:59:19.721, 13132 MiB, 16311 MiB, 97 %, 57, 140.91 W, 2767 MHz
2026/09/12 05:59:19.922, 13132 MiB, 16311 MiB, 97 %, 57, 140.97 W, 2767 MHz
2026/09/12 05:59:20.123, 13132 MiB, 16311 MiB, 97 %, 57, 140.94 W, 2767 MHz
2026/09/12 05:59:20.324, 13132 MiB, 16311 MiB, 97 %, 57, 140.96 W, 2767 MHz
2026/09/12 05:59:20.525, 13132 MiB, 16311 MiB, 97 %, 57, 140.89 W, 2767 MHz
2026/09/12 05:59:20.727, 13132 MiB, 16311 MiB, 97 %, 57, 140.80 W, 2767 MHz
2026/09/12 05:59:20.928, 13132 MiB, 16311 MiB, 97 %, 57, 137.66 W, 2767 MHz
2026/09/12 05:59:21.129, 13132 MiB, 16311 MiB, 82 %, 57, 137.68 W, 2760 MHz
2026/09/12 05:59:21.330, 13132 MiB, 16311 MiB, 97 %, 57, 137.70 W, 2760 MHz
2026/09/12 05:59:21.532, 13132 MiB, 16311 MiB, 97 %, 57, 137.80 W, 2767 MHz
2026/09/12 05:59:21.733, 13132 MiB, 16311 MiB, 97 %, 57, 137.96 W, 2767 MHz
2026/09/12 05:59:21.934, 13132 MiB, 16311 MiB, 97 %, 57, 140.92 W, 2767 MHz
2026/09/12 05:59:22.135, 13132 MiB, 16311 MiB, 97 %, 57, 141.14 W, 2767 MHz
2026/09/12 05:59:22.336, 13132 MiB, 16311 MiB, 97 %, 57, 141.15 W, 2767 MHz
2026/09/12 05:59:22.537, 13132 MiB, 16311 MiB, 97 %, 57, 141.11 W, 2767 MHz
2026/09/12 05:59:22.738, 13132 MiB, 16311 MiB, 97 %, 57, 141.14 W, 2767 MHz
2026/09/12 05:59:22.939, 13132 MiB, 16311 MiB, 97 %, 57, 141.13 W, 2767 MHz
2026/09/12 05:59:23.140, 13132 MiB, 16311 MiB, 97 %, 57, 139.53 W, 2767 MHz
2026/09/12 05:59:23.342, 13132 MiB, 16311 MiB, 82 %, 57, 137.77 W, 2760 MHz
2026/09/12 05:59:23.543, 13132 MiB, 16311 MiB, 97 %, 57, 137.78 W, 2760 MHz
2026/09/12 05:59:23.744, 13132 MiB, 16311 MiB, 97 %, 57, 138.01 W, 2760 MHz
2026/09/12 05:59:23.945, 13132 MiB, 16311 MiB, 97 %, 57, 137.70 W, 2767 MHz
2026/09/12 05:59:24.146, 13132 MiB, 16311 MiB, 97 %, 57, 139.54 W, 2767 MHz
2026/09/12 05:59:24.347, 13132 MiB, 16311 MiB, 97 %, 57, 141.12 W, 2767 MHz
2026/09/12 05:59:24.548, 13132 MiB, 16311 MiB, 97 %, 57, 141.14 W, 2767 MHz
2026/09/12 05:59:24.749, 13132 MiB, 16311 MiB, 97 %, 57, 141.20 W, 2767 MHz
2026/09/12 05:59:24.950, 13132 MiB, 16311 MiB, 97 %, 57, 141.18 W, 2767 MHz
2026/09/12 05:59:25.151, 13132 MiB, 16311 MiB, 97 %, 57, 141.21 W, 2767 MHz
2026/09/12 05:59:25.352, 13132 MiB, 16311 MiB, 97 %, 57, 141.20 W, 2767 MHz
2026/09/12 05:59:25.554, 13132 MiB, 16311 MiB, 85 %, 57, 137.59 W, 2767 MHz
2026/09/12 05:59:25.755, 13132 MiB, 16311 MiB, 93 %, 57, 137.61 W, 2760 MHz
2026/09/12 05:59:25.956, 13132 MiB, 16311 MiB, 97 %, 57, 137.93 W, 2760 MHz
2026/09/12 05:59:26.158, 13132 MiB, 16311 MiB, 97 %, 57, 137.51 W, 2767 MHz
2026/09/12 05:59:26.359, 13132 MiB, 16311 MiB, 97 %, 57, 137.85 W, 2767 MHz
2026/09/12 05:59:26.561, 13132 MiB, 16311 MiB, 97 %, 57, 141.07 W, 2767 MHz
2026/09/12 05:59:26.762, 13132 MiB, 16311 MiB, 97 %, 57, 141.08 W, 2767 MHz
2026/09/12 05:59:26.963, 13132 MiB, 16311 MiB, 97 %, 57, 141.14 W, 2767 MHz
2026/09/12 05:59:27.165, 13132 MiB, 16311 MiB, 97 %, 57, 141.14 W, 2767 MHz
2026/09/12 05:59:27.366, 13132 MiB, 16311 MiB, 97 %, 57, 141.10 W, 2767 MHz
2026/09/12 05:59:27.567, 13132 MiB, 16311 MiB, 97 %, 57, 141.10 W, 2767 MHz
2026/09/12 05:59:27.768, 13132 MiB, 16311 MiB, 97 %, 57, 141.09 W, 2767 MHz
2026/09/12 05:59:27.969, 13132 MiB, 16311 MiB, 81 %, 57, 137.63 W, 2767 MHz
2026/09/12 05:59:28.171, 13132 MiB, 16311 MiB, 97 %, 57, 137.58 W, 2760 MHz
2026/09/12 05:59:28.372, 13132 MiB, 16311 MiB, 97 %, 57, 137.64 W, 2760 MHz
2026/09/12 05:59:28.573, 13132 MiB, 16311 MiB, 97 %, 57, 137.90 W, 2760 MHz
2026/09/12 05:59:28.774, 13132 MiB, 16311 MiB, 97 %, 57, 137.61 W, 2767 MHz
2026/09/12 05:59:28.975, 13132 MiB, 16311 MiB, 97 %, 57, 140.60 W, 2767 MHz
2026/09/12 05:59:29.177, 13132 MiB, 16311 MiB, 96 %, 58, 141.06 W, 2767 MHz
2026/09/12 05:59:29.378, 13132 MiB, 16311 MiB, 97 %, 58, 141.12 W, 2767 MHz
2026/09/12 05:59:29.579, 13132 MiB, 16311 MiB, 97 %, 57, 141.08 W, 2767 MHz
2026/09/12 05:59:29.780, 13132 MiB, 16311 MiB, 97 %, 57, 141.10 W, 2767 MHz
2026/09/12 05:59:29.982, 13132 MiB, 16311 MiB, 97 %, 57, 141.07 W, 2767 MHz
2026/09/12 05:59:30.183, 13132 MiB, 16311 MiB, 97 %, 57, 141.02 W, 2767 MHz
2026/09/12 05:59:30.384, 13132 MiB, 16311 MiB, 82 %, 57, 138.26 W, 2767 MHz
2026/09/12 05:59:30.585, 13132 MiB, 16311 MiB, 97 %, 58, 137.63 W, 2767 MHz
2026/09/12 05:59:30.786, 13132 MiB, 16311 MiB, 97 %, 58, 138.01 W, 2760 MHz
2026/09/12 05:59:30.988, 13132 MiB, 16311 MiB, 97 %, 58, 137.65 W, 2760 MHz
2026/09/12 05:59:31.189, 13132 MiB, 16311 MiB, 97 %, 57, 137.60 W, 2767 MHz
2026/09/12 05:59:31.390, 13132 MiB, 16311 MiB, 97 %, 57, 137.86 W, 2767 MHz
2026/09/12 05:59:31.591, 13132 MiB, 16311 MiB, 97 %, 58, 141.05 W, 2767 MHz
2026/09/12 05:59:31.793, 13132 MiB, 16311 MiB, 97 %, 58, 141.00 W, 2767 MHz
2026/09/12 05:59:31.994, 13132 MiB, 16311 MiB, 97 %, 58, 141.02 W, 2767 MHz
2026/09/12 05:59:32.195, 13132 MiB, 16311 MiB, 97 %, 58, 140.95 W, 2767 MHz
2026/09/12 05:59:32.396, 13132 MiB, 16311 MiB, 97 %, 58, 141.12 W, 2767 MHz
2026/09/12 05:59:32.597, 13132 MiB, 16311 MiB, 97 %, 58, 141.08 W, 2767 MHz
2026/09/12 05:59:32.798, 13132 MiB, 16311 MiB, 88 %, 58, 139.41 W, 2767 MHz
2026/09/12 05:59:33.001, 13132 MiB, 16311 MiB, 92 %, 58, 137.85 W, 2767 MHz
2026/09/12 05:59:33.202, 13132 MiB, 16311 MiB, 97 %, 58, 137.88 W, 2760 MHz
2026/09/12 05:59:33.403, 13132 MiB, 16311 MiB, 97 %, 58, 137.88 W, 2760 MHz
2026/09/12 05:59:33.604, 13132 MiB, 16311 MiB, 97 %, 58, 138.20 W, 2760 MHz
2026/09/12 05:59:33.805, 13132 MiB, 16311 MiB, 97 %, 58, 138.19 W, 2767 MHz
2026/09/12 05:59:34.007, 13132 MiB, 16311 MiB, 97 %, 58, 140.98 W, 2767 MHz
2026/09/12 05:59:34.208, 13132 MiB, 16311 MiB, 96 %, 58, 140.89 W, 2767 MHz
2026/09/12 05:59:34.409, 13132 MiB, 16311 MiB, 97 %, 58, 140.87 W, 2767 MHz
2026/09/12 05:59:34.611, 13132 MiB, 16311 MiB, 96 %, 58, 140.77 W, 2767 MHz
2026/09/12 05:59:36.241, 13132 MiB, 16311 MiB, 97 %, 58, 140.85 W, 2767 MHz
2026/09/12 05:59:36.442, 13132 MiB, 16311 MiB, 97 %, 58, 140.96 W, 2767 MHz
2026/09/12 05:59:36.643, 13132 MiB, 16311 MiB, 97 %, 58, 141.04 W, 2767 MHz
2026/09/12 05:59:36.844, 13132 MiB, 16311 MiB, 82 %, 58, 138.00 W, 2767 MHz
2026/09/12 05:59:37.046, 13132 MiB, 16311 MiB, 97 %, 58, 137.71 W, 2767 MHz
2026/09/12 05:59:37.247, 13132 MiB, 16311 MiB, 97 %, 58, 137.74 W, 2767 MHz
2026/09/12 05:59:37.448, 13132 MiB, 16311 MiB, 97 %, 58, 137.73 W, 2767 MHz
2026/09/12 05:59:37.650, 13132 MiB, 16311 MiB, 97 %, 58, 138.01 W, 2767 MHz
2026/09/12 05:59:37.851, 13132 MiB, 16311 MiB, 97 %, 58, 140.34 W, 2767 MHz
2026/09/12 05:59:38.052, 13132 MiB, 16311 MiB, 97 %, 58, 141.20 W, 2767 MHz
2026/09/12 05:59:38.253, 13132 MiB, 16311 MiB, 97 %, 58, 141.19 W, 2767 MHz
2026/09/12 05:59:38.455, 13132 MiB, 16311 MiB, 97 %, 58, 141.19 W, 2767 MHz
2026/09/12 05:59:38.656, 13132 MiB, 16311 MiB, 97 %, 58, 141.28 W, 2767 MHz
2026/09/12 05:59:38.857, 13132 MiB, 16311 MiB, 97 %, 58, 141.42 W, 2767 MHz
2026/09/12 05:59:39.058, 13132 MiB, 16311 MiB, 97 %, 58, 141.45 W, 2767 MHz
2026/09/12 05:59:39.260, 13132 MiB, 16311 MiB, 84 %, 58, 139.01 W, 2767 MHz
2026/09/12 05:59:39.461, 13132 MiB, 16311 MiB, 95 %, 58, 138.37 W, 2767 MHz
2026/09/12 05:59:39.662, 13132 MiB, 16311 MiB, 97 %, 58, 138.09 W, 2767 MHz
2026/09/12 05:59:39.864, 13132 MiB, 16311 MiB, 97 %, 58, 138.07 W, 2767 MHz
2026/09/12 05:59:40.065, 13132 MiB, 16311 MiB, 97 %, 58, 138.34 W, 2767 MHz
2026/09/12 05:59:40.267, 13132 MiB, 16311 MiB, 97 %, 58, 140.69 W, 2767 MHz
2026/09/12 05:59:40.468, 13132 MiB, 16311 MiB, 97 %, 58, 141.45 W, 2767 MHz
2026/09/12 05:59:40.669, 13132 MiB, 16311 MiB, 97 %, 58, 141.46 W, 2767 MHz
2026/09/12 05:59:40.870, 13132 MiB, 16311 MiB, 97 %, 58, 141.46 W, 2767 MHz
2026/09/12 05:59:41.072, 13132 MiB, 16311 MiB, 97 %, 58, 141.51 W, 2767 MHz
2026/09/12 05:59:41.273, 13132 MiB, 16311 MiB, 97 %, 58, 141.42 W, 2767 MHz
2026/09/12 05:59:41.474, 13132 MiB, 16311 MiB, 97 %, 58, 141.41 W, 2767 MHz
2026/09/12 05:59:41.675, 13132 MiB, 16311 MiB, 97 %, 58, 141.34 W, 2767 MHz
2026/09/12 05:59:41.877, 13132 MiB, 16311 MiB, 81 %, 58, 138.11 W, 2767 MHz
2026/09/12 05:59:42.079, 13132 MiB, 16311 MiB, 97 %, 58, 138.12 W, 2767 MHz
2026/09/12 05:59:42.280, 13132 MiB, 16311 MiB, 97 %, 58, 138.20 W, 2767 MHz
2026/09/12 05:59:42.481, 13132 MiB, 16311 MiB, 97 %, 58, 138.16 W, 2767 MHz
2026/09/12 05:59:42.682, 13132 MiB, 16311 MiB, 97 %, 58, 141.05 W, 2767 MHz
2026/09/12 05:59:42.883, 13132 MiB, 16311 MiB, 97 %, 58, 141.40 W, 2767 MHz
2026/09/12 05:59:43.085, 13132 MiB, 16311 MiB, 97 %, 58, 141.41 W, 2767 MHz
2026/09/12 05:59:43.286, 13132 MiB, 16311 MiB, 97 %, 58, 141.35 W, 2767 MHz
2026/09/12 05:59:43.487, 13132 MiB, 16311 MiB, 97 %, 58, 141.49 W, 2767 MHz
2026/09/12 05:59:43.688, 13132 MiB, 16311 MiB, 97 %, 58, 141.53 W, 2767 MHz
2026/09/12 05:59:43.889, 13132 MiB, 16311 MiB, 97 %, 58, 141.55 W, 2767 MHz
2026/09/12 05:59:44.091, 13132 MiB, 16311 MiB, 81 %, 58, 137.98 W, 2767 MHz
2026/09/12 05:59:44.292, 13132 MiB, 16311 MiB, 97 %, 58, 138.26 W, 2767 MHz
2026/09/12 05:59:44.493, 13132 MiB, 16311 MiB, 97 %, 58, 138.23 W, 2767 MHz
2026/09/12 05:59:44.694, 13132 MiB, 16311 MiB, 97 %, 58, 138.31 W, 2767 MHz
2026/09/12 05:59:44.895, 13132 MiB, 16311 MiB, 97 %, 58, 138.22 W, 2767 MHz
2026/09/12 05:59:45.096, 13132 MiB, 16311 MiB, 97 %, 58, 141.54 W, 2767 MHz
2026/09/12 05:59:45.297, 13132 MiB, 16311 MiB, 97 %, 58, 141.64 W, 2767 MHz
2026/09/12 05:59:45.498, 13132 MiB, 16311 MiB, 97 %, 58, 141.63 W, 2767 MHz
2026/09/12 05:59:45.699, 13132 MiB, 16311 MiB, 97 %, 58, 141.59 W, 2767 MHz
2026/09/12 05:59:45.900, 13132 MiB, 16311 MiB, 97 %, 58, 141.68 W, 2767 MHz
2026/09/12 05:59:46.101, 13132 MiB, 16311 MiB, 97 %, 58, 141.58 W, 2767 MHz
2026/09/12 05:59:46.302, 13132 MiB, 16311 MiB, 83 %, 58, 138.28 W, 2767 MHz
2026/09/12 05:59:46.503, 13132 MiB, 16311 MiB, 92 %, 58, 137.30 W, 2767 MHz
2026/09/12 05:59:46.705, 13132 MiB, 16311 MiB, 97 %, 54, 137.62 W, 2767 MHz
2026/09/12 05:59:46.906, 13132 MiB, 16311 MiB, 97 %, 54, 137.45 W, 2767 MHz
2026/09/12 05:59:47.107, 13132 MiB, 16311 MiB, 96 %, 54, 137.40 W, 2767 MHz
2026/09/12 05:59:47.308, 13132 MiB, 16311 MiB, 96 %, 58, 140.29 W, 2767 MHz
2026/09/12 05:59:47.510, 13132 MiB, 16311 MiB, 97 %, 58, 141.10 W, 2767 MHz
2026/09/12 05:59:47.711, 13132 MiB, 16311 MiB, 97 %, 58, 141.14 W, 2767 MHz
2026/09/12 05:59:47.912, 13132 MiB, 16311 MiB, 96 %, 58, 141.18 W, 2767 MHz
2026/09/12 05:59:48.113, 13132 MiB, 16311 MiB, 97 %, 58, 141.40 W, 2767 MHz
2026/09/12 05:59:48.314, 13132 MiB, 16311 MiB, 96 %, 58, 141.34 W, 2767 MHz
2026/09/12 05:59:48.516, 13132 MiB, 16311 MiB, 97 %, 58, 141.40 W, 2767 MHz
2026/09/12 05:59:48.717, 13132 MiB, 16311 MiB, 81 %, 58, 137.99 W, 2767 MHz
2026/09/12 05:59:48.918, 13132 MiB, 16311 MiB, 96 %, 56, 138.15 W, 2767 MHz
2026/09/12 05:59:49.119, 13132 MiB, 16311 MiB, 97 %, 56, 138.07 W, 2767 MHz
2026/09/12 05:59:49.320, 13132 MiB, 16311 MiB, 97 %, 56, 137.77 W, 2767 MHz
2026/09/12 05:59:49.521, 13132 MiB, 16311 MiB, 97 %, 58, 138.07 W, 2767 MHz
2026/09/12 05:59:49.723, 13132 MiB, 16311 MiB, 97 %, 58, 141.27 W, 2767 MHz
2026/09/12 05:59:49.924, 13132 MiB, 16311 MiB, 97 %, 58, 141.32 W, 2767 MHz
2026/09/12 05:59:50.125, 13132 MiB, 16311 MiB, 96 %, 59, 141.43 W, 2767 MHz
2026/09/12 05:59:50.326, 13132 MiB, 16311 MiB, 96 %, 59, 141.39 W, 2767 MHz
2026/09/12 05:59:50.528, 13132 MiB, 16311 MiB, 97 %, 59, 141.37 W, 2767 MHz
2026/09/12 05:59:50.729, 13132 MiB, 16311 MiB, 97 %, 58, 141.42 W, 2767 MHz
2026/09/12 05:59:50.930, 13132 MiB, 16311 MiB, 83 %, 58, 138.28 W, 2767 MHz
2026/09/12 05:59:51.131, 13132 MiB, 16311 MiB, 95 %, 58, 137.73 W, 2767 MHz
2026/09/12 05:59:51.333, 13132 MiB, 16311 MiB, 97 %, 58, 138.25 W, 2767 MHz
2026/09/12 05:59:51.534, 13132 MiB, 16311 MiB, 97 %, 58, 138.31 W, 2767 MHz
2026/09/12 05:59:51.735, 13132 MiB, 16311 MiB, 97 %, 58, 138.07 W, 2767 MHz
2026/09/12 05:59:51.936, 13132 MiB, 16311 MiB, 97 %, 58, 141.68 W, 2767 MHz
2026/09/12 05:59:52.137, 13132 MiB, 16311 MiB, 96 %, 58, 141.66 W, 2767 MHz
2026/09/12 05:59:52.338, 13132 MiB, 16311 MiB, 97 %, 58, 141.58 W, 2767 MHz
2026/09/12 05:59:52.540, 13132 MiB, 16311 MiB, 97 %, 59, 141.58 W, 2767 MHz
2026/09/12 05:59:52.741, 13132 MiB, 16311 MiB, 97 %, 59, 141.57 W, 2767 MHz
2026/09/12 05:59:52.943, 13132 MiB, 16311 MiB, 97 %, 59, 141.70 W, 2767 MHz
2026/09/12 05:59:53.144, 13132 MiB, 16311 MiB, 97 %, 58, 141.71 W, 2767 MHz
2026/09/12 05:59:53.345, 13132 MiB, 16311 MiB, 81 %, 58, 138.22 W, 2767 MHz
2026/09/12 05:59:53.546, 13132 MiB, 16311 MiB, 97 %, 58, 138.25 W, 2767 MHz
2026/09/12 05:59:53.748, 13132 MiB, 16311 MiB, 97 %, 58, 138.19 W, 2767 MHz
2026/09/12 05:59:53.949, 13132 MiB, 16311 MiB, 97 %, 58, 138.04 W, 2767 MHz
2026/09/12 05:59:54.150, 13132 MiB, 16311 MiB, 97 %, 58, 138.37 W, 2767 MHz
2026/09/12 05:59:54.351, 13132 MiB, 16311 MiB, 97 %, 58, 141.54 W, 2767 MHz
2026/09/12 05:59:54.552, 13132 MiB, 16311 MiB, 96 %, 58, 141.51 W, 2767 MHz
2026/09/12 05:59:54.753, 13132 MiB, 16311 MiB, 97 %, 58, 141.53 W, 2767 MHz
2026/09/12 05:59:54.954, 13132 MiB, 16311 MiB, 97 %, 58, 141.60 W, 2767 MHz
2026/09/12 05:59:55.155, 13132 MiB, 16311 MiB, 97 %, 58, 141.61 W, 2767 MHz
2026/09/12 05:59:55.357, 13132 MiB, 16311 MiB, 97 %, 58, 141.59 W, 2767 MHz
2026/09/12 05:59:55.558, 13132 MiB, 16311 MiB, 97 %, 58, 141.66 W, 2767 MHz
2026/09/12 05:59:55.759, 13132 MiB, 16311 MiB, 97 %, 58, 141.61 W, 2767 MHz
2026/09/12 05:59:55.960, 13132 MiB, 16311 MiB, 96 %, 59, 141.61 W, 2767 MHz
2026/09/12 05:59:56.161, 13132 MiB, 16311 MiB, 97 %, 59, 141.66 W, 2767 MHz
2026/09/12 05:59:56.363, 13132 MiB, 16311 MiB, 97 %, 59, 141.60 W, 2767 MHz
2026/09/12 05:59:56.564, 13132 MiB, 16311 MiB, 97 %, 59, 141.53 W, 2767 MHz
2026/09/12 05:59:56.765, 13132 MiB, 16311 MiB, 97 %, 59, 141.56 W, 2767 MHz
2026/09/12 05:59:56.966, 13132 MiB, 16311 MiB, 97 %, 59, 141.55 W, 2767 MHz
2026/09/12 05:59:57.167, 13132 MiB, 16311 MiB, 92 %, 59, 140.41 W, 2767 MHz
2026/09/12 05:59:57.369, 13132 MiB, 16311 MiB, 97 %, 59, 140.50 W, 2767 MHz
2026/09/12 05:59:57.570, 13132 MiB, 16311 MiB, 97 %, 59, 140.55 W, 2767 MHz
2026/09/12 05:59:57.771, 13132 MiB, 16311 MiB, 73 %, 57, 133.20 W, 2767 MHz
2026/09/12 05:59:57.972, 13132 MiB, 16311 MiB, 93 %, 57, 134.01 W, 2767 MHz
2026/09/12 05:59:58.173, 13132 MiB, 16311 MiB, 97 %, 57, 135.11 W, 2767 MHz
2026/09/12 05:59:58.374, 13132 MiB, 16311 MiB, 97 %, 58, 135.08 W, 2767 MHz
2026/09/12 05:59:58.575, 13132 MiB, 16311 MiB, 97 %, 58, 135.03 W, 2767 MHz
2026/09/12 05:59:58.777, 13132 MiB, 16311 MiB, 97 %, 58, 141.65 W, 2752 MHz
2026/09/12 05:59:58.978, 13132 MiB, 16311 MiB, 97 %, 59, 141.61 W, 2752 MHz
2026/09/12 05:59:59.179, 13132 MiB, 16311 MiB, 97 %, 59, 141.50 W, 2752 MHz
2026/09/12 05:59:59.380, 13132 MiB, 16311 MiB, 97 %, 59, 141.54 W, 2752 MHz
2026/09/12 05:59:59.581, 13132 MiB, 16311 MiB, 97 %, 59, 141.70 W, 2752 MHz
2026/09/12 05:59:59.782, 13132 MiB, 16311 MiB, 96 %, 59, 141.57 W, 2752 MHz
2026/09/12 05:59:59.984, 13132 MiB, 16311 MiB, 96 %, 59, 141.24 W, 2752 MHz
2026/09/12 06:00:00.185, 13132 MiB, 16311 MiB, 95 %, 59, 141.25 W, 2752 MHz
2026/09/12 06:00:00.386, 13132 MiB, 16311 MiB, 97 %, 59, 141.23 W, 2752 MHz
2026/09/12 06:00:00.587, 13132 MiB, 16311 MiB, 96 %, 59, 141.01 W, 2752 MHz
2026/09/12 06:00:00.788, 13132 MiB, 16311 MiB, 96 %, 59, 140.96 W, 2752 MHz
2026/09/12 06:00:00.989, 13132 MiB, 16311 MiB, 96 %, 59, 141.10 W, 2752 MHz
2026/09/12 06:00:01.191, 13132 MiB, 16311 MiB, 96 %, 59, 141.06 W, 2752 MHz
2026/09/12 06:00:01.392, 13132 MiB, 16311 MiB, 97 %, 59, 141.14 W, 2752 MHz
2026/09/12 06:00:01.593, 13132 MiB, 16311 MiB, 97 %, 59, 141.36 W, 2752 MHz
2026/09/12 06:00:01.794, 13132 MiB, 16311 MiB, 93 %, 59, 140.56 W, 2752 MHz
2026/09/12 06:00:01.995, 13132 MiB, 16311 MiB, 97 %, 59, 140.70 W, 2760 MHz
2026/09/12 06:00:02.196, 13132 MiB, 16311 MiB, 97 %, 59, 139.75 W, 2760 MHz
2026/09/12 06:00:02.398, 13132 MiB, 16311 MiB, 79 %, 58, 136.34 W, 2752 MHz
2026/09/12 06:00:02.599, 13132 MiB, 16311 MiB, 97 %, 58, 137.29 W, 2752 MHz
2026/09/12 06:00:02.801, 13132 MiB, 16311 MiB, 96 %, 58, 137.15 W, 2752 MHz
2026/09/12 06:00:03.002, 13132 MiB, 16311 MiB, 97 %, 59, 137.54 W, 2752 MHz
2026/09/12 06:00:03.203, 13132 MiB, 16311 MiB, 96 %, 59, 138.49 W, 2752 MHz
2026/09/12 06:00:03.404, 13132 MiB, 16311 MiB, 97 %, 59, 141.34 W, 2752 MHz
2026/09/12 06:00:03.605, 13132 MiB, 16311 MiB, 96 %, 59, 141.29 W, 2752 MHz
2026/09/12 06:00:03.806, 13132 MiB, 16311 MiB, 96 %, 59, 141.32 W, 2752 MHz
2026/09/12 06:00:04.008, 13132 MiB, 16311 MiB, 96 %, 59, 141.32 W, 2752 MHz
2026/09/12 06:00:04.209, 13132 MiB, 16311 MiB, 97 %, 59, 141.42 W, 2752 MHz
2026/09/12 06:00:04.410, 13132 MiB, 16311 MiB, 97 %, 59, 141.49 W, 2752 MHz
2026/09/12 06:00:04.611, 13132 MiB, 16311 MiB, 97 %, 59, 141.64 W, 2752 MHz
2026/09/12 06:00:04.813, 13132 MiB, 16311 MiB, 97 %, 59, 141.72 W, 2752 MHz
2026/09/12 06:00:05.014, 13132 MiB, 16311 MiB, 97 %, 59, 141.85 W, 2752 MHz
2026/09/12 06:00:05.216, 13132 MiB, 16311 MiB, 97 %, 59, 141.75 W, 2752 MHz
2026/09/12 06:00:05.417, 13132 MiB, 16311 MiB, 97 %, 59, 141.69 W, 2752 MHz
2026/09/12 06:00:05.618, 13132 MiB, 16311 MiB, 96 %, 59, 141.54 W, 2752 MHz
2026/09/12 06:00:05.820, 13132 MiB, 16311 MiB, 96 %, 59, 141.45 W, 2752 MHz
2026/09/12 06:00:06.021, 13132 MiB, 16311 MiB, 96 %, 59, 141.32 W, 2752 MHz
2026/09/12 06:00:06.222, 13132 MiB, 16311 MiB, 97 %, 59, 141.30 W, 2752 MHz
2026/09/12 06:00:06.424, 13132 MiB, 16311 MiB, 97 %, 59, 140.37 W, 2752 MHz
2026/09/12 06:00:06.625, 13132 MiB, 16311 MiB, 93 %, 59, 140.22 W, 2752 MHz
2026/09/12 06:00:06.826, 13132 MiB, 16311 MiB, 96 %, 59, 140.37 W, 2760 MHz
2026/09/12 06:00:07.038, 13132 MiB, 16311 MiB, 97 %, 59, 136.88 W, 2760 MHz
2026/09/12 06:00:07.256, 13132 MiB, 16311 MiB, 77 %, 59, 135.84 W, 2752 MHz
2026/09/12 06:00:07.475, 13132 MiB, 16311 MiB, 97 %, 59, 136.35 W, 2752 MHz
2026/09/12 06:00:07.694, 13132 MiB, 16311 MiB, 97 %, 59, 136.99 W, 2752 MHz
2026/09/12 06:00:07.913, 13132 MiB, 16311 MiB, 97 %, 59, 137.38 W, 2767 MHz
2026/09/12 06:00:08.131, 13132 MiB, 16311 MiB, 96 %, 59, 137.44 W, 2767 MHz
2026/09/12 06:00:10.147, 13132 MiB, 16311 MiB, 97 %, 59, 141.43 W, 2767 MHz
2026/09/12 06:00:10.365, 13132 MiB, 16311 MiB, 96 %, 59, 141.35 W, 2767 MHz
2026/09/12 06:00:10.583, 13132 MiB, 16311 MiB, 96 %, 59, 141.34 W, 2767 MHz
2026/09/12 06:00:10.802, 13132 MiB, 16311 MiB, 96 %, 59, 141.32 W, 2767 MHz
2026/09/12 06:00:11.020, 13132 MiB, 16311 MiB, 97 %, 59, 141.32 W, 2767 MHz
2026/09/12 06:00:11.240, 13132 MiB, 16311 MiB, 96 %, 59, 141.12 W, 2767 MHz
2026/09/12 06:00:11.458, 13132 MiB, 16311 MiB, 97 %, 59, 141.27 W, 2767 MHz
2026/09/12 06:00:11.677, 13132 MiB, 16311 MiB, 97 %, 59, 141.47 W, 2767 MHz
2026/09/12 06:00:11.895, 13132 MiB, 16311 MiB, 97 %, 59, 141.47 W, 2767 MHz
2026/09/12 06:00:12.113, 13132 MiB, 16311 MiB, 97 %, 59, 141.59 W, 2767 MHz
2026/09/12 06:00:12.332, 13132 MiB, 16311 MiB, 97 %, 59, 141.85 W, 2767 MHz
2026/09/12 06:00:12.551, 13132 MiB, 16311 MiB, 97 %, 59, 141.93 W, 2767 MHz
2026/09/12 06:00:12.769, 13132 MiB, 16311 MiB, 97 %, 59, 142.01 W, 2767 MHz
2026/09/12 06:00:12.987, 13132 MiB, 16311 MiB, 97 %, 59, 142.10 W, 2767 MHz
2026/09/12 06:00:13.206, 13132 MiB, 16311 MiB, 96 %, 59, 142.05 W, 2767 MHz
2026/09/12 06:00:13.425, 13132 MiB, 16311 MiB, 97 %, 59, 141.94 W, 2767 MHz
2026/09/12 06:00:13.644, 13132 MiB, 16311 MiB, 92 %, 59, 140.85 W, 2767 MHz
2026/09/12 06:00:13.848, 13132 MiB, 16311 MiB, 97 %, 59, 140.95 W, 2767 MHz
2026/09/12 06:00:14.050, 13132 MiB, 16311 MiB, 97 %, 59, 140.74 W, 2760 MHz
2026/09/12 06:00:14.251, 13132 MiB, 16311 MiB, 84 %, 59, 136.48 W, 2760 MHz
2026/09/12 06:00:14.452, 13132 MiB, 16311 MiB, 90 %, 59, 136.85 W, 2760 MHz
2026/09/12 06:00:14.653, 13132 MiB, 16311 MiB, 97 %, 59, 137.49 W, 2760 MHz
2026/09/12 06:00:14.855, 13132 MiB, 16311 MiB, 97 %, 59, 137.42 W, 2760 MHz
2026/09/12 06:00:15.056, 13132 MiB, 16311 MiB, 97 %, 60, 137.86 W, 2752 MHz
2026/09/12 06:00:15.257, 13132 MiB, 16311 MiB, 97 %, 60, 140.64 W, 2752 MHz
2026/09/12 06:00:15.459, 13132 MiB, 16311 MiB, 97 %, 60, 141.98 W, 2752 MHz
2026/09/12 06:00:15.660, 13132 MiB, 16311 MiB, 97 %, 59, 141.97 W, 2752 MHz
2026/09/12 06:00:15.861, 13132 MiB, 16311 MiB, 97 %, 59, 141.95 W, 2752 MHz
2026/09/12 06:00:16.062, 13132 MiB, 16311 MiB, 97 %, 59, 142.04 W, 2752 MHz
2026/09/12 06:00:16.264, 13132 MiB, 16311 MiB, 97 %, 59, 142.07 W, 2752 MHz
2026/09/12 06:00:16.465, 13132 MiB, 16311 MiB, 97 %, 59, 142.11 W, 2752 MHz
2026/09/12 06:00:16.666, 13132 MiB, 16311 MiB, 97 %, 59, 142.22 W, 2752 MHz
2026/09/12 06:00:16.868, 13132 MiB, 16311 MiB, 97 %, 59, 142.30 W, 2752 MHz
2026/09/12 06:00:17.069, 13132 MiB, 16311 MiB, 97 %, 59, 142.30 W, 2752 MHz
2026/09/12 06:00:17.270, 13132 MiB, 16311 MiB, 97 %, 59, 142.28 W, 2752 MHz
2026/09/12 06:00:17.471, 13132 MiB, 16311 MiB, 97 %, 59, 142.27 W, 2752 MHz
2026/09/12 06:00:17.672, 13132 MiB, 16311 MiB, 97 %, 59, 142.28 W, 2752 MHz
2026/09/12 06:00:17.873, 13132 MiB, 16311 MiB, 97 %, 59, 142.28 W, 2752 MHz
2026/09/12 06:00:18.074, 13132 MiB, 16311 MiB, 97 %, 59, 142.37 W, 2752 MHz
2026/09/12 06:00:18.276, 13132 MiB, 16311 MiB, 97 %, 59, 142.22 W, 2752 MHz
2026/09/12 06:00:18.477, 13132 MiB, 16311 MiB, 93 %, 59, 141.42 W, 2752 MHz
2026/09/12 06:00:18.678, 13132 MiB, 16311 MiB, 97 %, 59, 141.28 W, 2752 MHz
2026/09/12 06:00:18.879, 13132 MiB, 16311 MiB, 97 %, 60, 138.72 W, 2767 MHz
2026/09/12 06:00:19.080, 13132 MiB, 16311 MiB, 97 %, 60, 137.06 W, 2767 MHz
2026/09/12 06:00:19.281, 13132 MiB, 16311 MiB, 97 %, 60, 137.75 W, 2760 MHz
2026/09/12 06:00:19.482, 13132 MiB, 16311 MiB, 97 %, 59, 138.28 W, 2760 MHz
2026/09/12 06:00:19.684, 13132 MiB, 16311 MiB, 97 %, 59, 138.71 W, 2752 MHz
2026/09/12 06:00:19.885, 13132 MiB, 16311 MiB, 97 %, 59, 140.94 W, 2752 MHz
2026/09/12 06:00:20.086, 13132 MiB, 16311 MiB, 97 %, 59, 142.40 W, 2752 MHz
2026/09/12 06:00:20.287, 13132 MiB, 16311 MiB, 97 %, 59, 142.37 W, 2752 MHz
2026/09/12 06:00:20.488, 13132 MiB, 16311 MiB, 97 %, 59, 142.38 W, 2752 MHz
2026/09/12 06:00:20.689, 13132 MiB, 16311 MiB, 97 %, 59, 142.35 W, 2752 MHz
2026/09/12 06:00:20.891, 13132 MiB, 16311 MiB, 97 %, 59, 142.32 W, 2752 MHz
2026/09/12 06:00:21.092, 13132 MiB, 16311 MiB, 97 %, 60, 142.32 W, 2752 MHz
2026/09/12 06:00:21.293, 13132 MiB, 16311 MiB, 97 %, 60, 142.27 W, 2752 MHz
2026/09/12 06:00:21.494, 13132 MiB, 16311 MiB, 97 %, 60, 142.30 W, 2752 MHz
2026/09/12 06:00:21.695, 13132 MiB, 16311 MiB, 97 %, 59, 142.32 W, 2752 MHz
2026/09/12 06:00:21.896, 13132 MiB, 16311 MiB, 97 %, 59, 142.30 W, 2752 MHz
2026/09/12 06:00:22.097, 13132 MiB, 16311 MiB, 97 %, 59, 142.36 W, 2752 MHz
2026/09/12 06:00:22.300, 13132 MiB, 16311 MiB, 97 %, 59, 142.37 W, 2752 MHz
2026/09/12 06:00:22.501, 13132 MiB, 16311 MiB, 97 %, 59, 142.39 W, 2752 MHz
2026/09/12 06:00:22.702, 13132 MiB, 16311 MiB, 97 %, 59, 142.43 W, 2752 MHz
2026/09/12 06:00:22.903, 13132 MiB, 16311 MiB, 97 %, 59, 141.56 W, 2752 MHz
2026/09/12 06:00:23.105, 13132 MiB, 16311 MiB, 94 %, 59, 141.56 W, 2752 MHz
2026/09/12 06:00:23.306, 13132 MiB, 16311 MiB, 91 %, 59, 140.48 W, 2767 MHz
2026/09/12 06:00:23.507, 13132 MiB, 16311 MiB, 85 %, 59, 137.84 W, 2767 MHz
2026/09/12 06:00:23.709, 13132 MiB, 16311 MiB, 97 %, 59, 137.38 W, 2767 MHz
2026/09/12 06:00:23.910, 13132 MiB, 16311 MiB, 97 %, 59, 138.39 W, 2767 MHz
2026/09/12 06:00:24.111, 13132 MiB, 16311 MiB, 97 %, 59, 138.72 W, 2767 MHz
2026/09/12 06:00:24.312, 13132 MiB, 16311 MiB, 97 %, 59, 139.64 W, 2752 MHz
2026/09/12 06:00:24.513, 13132 MiB, 16311 MiB, 97 %, 59, 142.43 W, 2752 MHz
2026/09/12 06:00:24.714, 13132 MiB, 16311 MiB, 97 %, 59, 142.36 W, 2752 MHz
2026/09/12 06:00:24.915, 13132 MiB, 16311 MiB, 97 %, 59, 142.23 W, 2752 MHz
2026/09/12 06:00:25.116, 13132 MiB, 16311 MiB, 97 %, 59, 142.32 W, 2752 MHz
2026/09/12 06:00:25.317, 13132 MiB, 16311 MiB, 97 %, 59, 142.33 W, 2752 MHz
2026/09/12 06:00:25.519, 13132 MiB, 16311 MiB, 97 %, 59, 142.23 W, 2752 MHz
2026/09/12 06:00:25.720, 13132 MiB, 16311 MiB, 96 %, 59, 142.03 W, 2752 MHz
2026/09/12 06:00:25.921, 13132 MiB, 16311 MiB, 97 %, 59, 142.15 W, 2752 MHz
2026/09/12 06:00:26.122, 13132 MiB, 16311 MiB, 97 %, 59, 142.09 W, 2752 MHz
2026/09/12 06:00:26.323, 13132 MiB, 16311 MiB, 97 %, 59, 142.05 W, 2752 MHz
2026/09/12 06:00:26.524, 13132 MiB, 16311 MiB, 97 %, 59, 142.04 W, 2752 MHz
2026/09/12 06:00:26.725, 13132 MiB, 16311 MiB, 97 %, 59, 142.08 W, 2752 MHz
2026/09/12 06:00:26.926, 13132 MiB, 16311 MiB, 96 %, 59, 141.99 W, 2752 MHz
2026/09/12 06:00:27.128, 13132 MiB, 16311 MiB, 96 %, 59, 141.86 W, 2752 MHz
2026/09/12 06:00:27.329, 13132 MiB, 16311 MiB, 93 %, 59, 140.94 W, 2752 MHz
2026/09/12 06:00:27.530, 13132 MiB, 16311 MiB, 97 %, 59, 141.07 W, 2752 MHz
2026/09/12 06:00:27.731, 13132 MiB, 16311 MiB, 97 %, 59, 141.18 W, 2752 MHz
2026/09/12 06:00:27.932, 13132 MiB, 16311 MiB, 81 %, 59, 137.73 W, 2752 MHz
2026/09/12 06:00:28.133, 13132 MiB, 16311 MiB, 96 %, 59, 137.31 W, 2752 MHz
2026/09/12 06:00:28.334, 13132 MiB, 16311 MiB, 97 %, 59, 138.30 W, 2752 MHz
2026/09/12 06:00:28.537, 13132 MiB, 16311 MiB, 97 %, 59, 138.28 W, 2752 MHz
2026/09/12 06:00:28.738, 13132 MiB, 16311 MiB, 97 %, 59, 138.74 W, 2752 MHz
2026/09/12 06:00:28.939, 13132 MiB, 16311 MiB, 97 %, 59, 141.87 W, 2752 MHz
2026/09/12 06:00:29.141, 13132 MiB, 16311 MiB, 97 %, 59, 142.40 W, 2752 MHz
2026/09/12 06:00:29.342, 13132 MiB, 16311 MiB, 97 %, 60, 142.37 W, 2752 MHz
2026/09/12 06:00:29.543, 13132 MiB, 16311 MiB, 97 %, 60, 142.37 W, 2752 MHz
2026/09/12 06:00:29.744, 13132 MiB, 16311 MiB, 97 %, 60, 142.32 W, 2752 MHz
2026/09/12 06:00:29.945, 13132 MiB, 16311 MiB, 97 %, 59, 142.31 W, 2752 MHz
2026/09/12 06:00:30.146, 13132 MiB, 16311 MiB, 97 %, 59, 142.41 W, 2752 MHz
2026/09/12 06:00:30.347, 13132 MiB, 16311 MiB, 97 %, 59, 142.41 W, 2752 MHz
2026/09/12 06:00:30.549, 13132 MiB, 16311 MiB, 97 %, 59, 142.39 W, 2752 MHz
2026/09/12 06:00:30.750, 13132 MiB, 16311 MiB, 97 %, 59, 142.47 W, 2752 MHz
2026/09/12 06:00:30.951, 13132 MiB, 16311 MiB, 97 %, 59, 142.49 W, 2752 MHz
2026/09/12 06:00:31.152, 13132 MiB, 16311 MiB, 97 %, 59, 142.45 W, 2752 MHz
2026/09/12 06:00:31.353, 13132 MiB, 16311 MiB, 97 %, 59, 142.41 W, 2752 MHz
2026/09/12 06:00:31.555, 13132 MiB, 16311 MiB, 96 %, 59, 142.33 W, 2752 MHz
2026/09/12 06:00:31.756, 13132 MiB, 16311 MiB, 97 %, 59, 142.25 W, 2752 MHz
2026/09/12 06:00:31.957, 13132 MiB, 16311 MiB, 93 %, 59, 141.26 W, 2752 MHz
2026/09/12 06:00:32.158, 13132 MiB, 16311 MiB, 97 %, 59, 141.10 W, 2760 MHz
2026/09/12 06:00:32.359, 13132 MiB, 16311 MiB, 97 %, 60, 141.08 W, 2760 MHz
2026/09/12 06:00:32.560, 13132 MiB, 16311 MiB, 79 %, 60, 136.98 W, 2752 MHz
2026/09/12 06:00:32.761, 13132 MiB, 16311 MiB, 97 %, 60, 138.11 W, 2752 MHz
2026/09/12 06:00:32.962, 13132 MiB, 16311 MiB, 97 %, 59, 138.50 W, 2767 MHz
2026/09/12 06:00:33.163, 13132 MiB, 16311 MiB, 97 %, 59, 138.24 W, 2767 MHz
2026/09/12 06:00:33.365, 13132 MiB, 16311 MiB, 97 %, 59, 138.60 W, 2767 MHz
2026/09/12 06:00:33.566, 13132 MiB, 16311 MiB, 97 %, 59, 142.42 W, 2752 MHz
2026/09/12 06:00:33.767, 13132 MiB, 16311 MiB, 97 %, 59, 142.39 W, 2752 MHz
2026/09/12 06:00:33.968, 13132 MiB, 16311 MiB, 97 %, 59, 142.34 W, 2752 MHz
2026/09/12 06:00:34.169, 13132 MiB, 16311 MiB, 97 %, 59, 142.29 W, 2752 MHz
2026/09/12 06:00:34.370, 13132 MiB, 16311 MiB, 97 %, 59, 142.27 W, 2752 MHz
2026/09/12 06:00:34.571, 13132 MiB, 16311 MiB, 97 %, 59, 142.35 W, 2752 MHz
2026/09/12 06:00:34.772, 13132 MiB, 16311 MiB, 97 %, 59, 142.29 W, 2752 MHz
2026/09/12 06:00:34.974, 13132 MiB, 16311 MiB, 97 %, 59, 142.41 W, 2752 MHz
2026/09/12 06:00:35.175, 13132 MiB, 16311 MiB, 97 %, 59, 142.41 W, 2752 MHz
2026/09/12 06:00:35.376, 13132 MiB, 16311 MiB, 97 %, 60, 142.51 W, 2752 MHz
2026/09/12 06:00:35.577, 13132 MiB, 16311 MiB, 97 %, 60, 142.42 W, 2752 MHz
2026/09/12 06:00:35.778, 13132 MiB, 16311 MiB, 97 %, 60, 142.47 W, 2752 MHz
2026/09/12 06:00:35.979, 13132 MiB, 16311 MiB, 97 %, 60, 142.46 W, 2752 MHz
2026/09/12 06:00:36.180, 13132 MiB, 16311 MiB, 97 %, 60, 142.45 W, 2752 MHz
2026/09/12 06:00:36.381, 13132 MiB, 16311 MiB, 96 %, 59, 142.44 W, 2752 MHz
2026/09/12 06:00:36.583, 13132 MiB, 16311 MiB, 97 %, 59, 141.58 W, 2752 MHz
2026/09/12 06:00:36.784, 13132 MiB, 16311 MiB, 97 %, 59, 141.51 W, 2760 MHz
2026/09/12 06:00:36.985, 13132 MiB, 16311 MiB, 83 %, 59, 138.44 W, 2760 MHz
2026/09/12 06:00:37.187, 13132 MiB, 16311 MiB, 92 %, 59, 137.14 W, 2752 MHz
2026/09/12 06:00:37.389, 13132 MiB, 16311 MiB, 97 %, 59, 137.90 W, 2752 MHz
2026/09/12 06:00:37.590, 13132 MiB, 16311 MiB, 97 %, 59, 137.88 W, 2752 MHz
2026/09/12 06:00:37.792, 13132 MiB, 16311 MiB, 97 %, 59, 137.94 W, 2760 MHz
2026/09/12 06:00:37.993, 13132 MiB, 16311 MiB, 97 %, 59, 138.38 W, 2760 MHz
2026/09/12 06:00:38.194, 13132 MiB, 16311 MiB, 97 %, 59, 142.26 W, 2752 MHz
2026/09/12 06:00:38.395, 13132 MiB, 16311 MiB, 97 %, 59, 142.33 W, 2752 MHz
2026/09/12 06:00:38.596, 13132 MiB, 16311 MiB, 97 %, 59, 142.41 W, 2752 MHz
2026/09/12 06:00:38.798, 13132 MiB, 16311 MiB, 97 %, 60, 142.48 W, 2752 MHz
2026/09/12 06:00:38.999, 13132 MiB, 16311 MiB, 97 %, 60, 142.50 W, 2752 MHz
2026/09/12 06:00:39.200, 13132 MiB, 16311 MiB, 97 %, 60, 142.45 W, 2752 MHz
2026/09/12 06:00:39.401, 13132 MiB, 16311 MiB, 97 %, 59, 142.42 W, 2752 MHz
2026/09/12 06:00:39.603, 13132 MiB, 16311 MiB, 97 %, 59, 142.35 W, 2752 MHz
2026/09/12 06:00:39.804, 13132 MiB, 16311 MiB, 97 %, 59, 142.34 W, 2752 MHz
2026/09/12 06:00:40.006, 13132 MiB, 16311 MiB, 97 %, 60, 142.31 W, 2752 MHz
2026/09/12 06:00:40.207, 13132 MiB, 16311 MiB, 97 %, 60, 142.32 W, 2752 MHz
2026/09/12 06:00:40.408, 13132 MiB, 16311 MiB, 97 %, 60, 142.34 W, 2752 MHz
2026/09/12 06:00:40.609, 13132 MiB, 16311 MiB, 97 %, 60, 142.32 W, 2752 MHz
2026/09/12 06:00:40.811, 13132 MiB, 16311 MiB, 97 %, 60, 142.30 W, 2752 MHz
2026/09/12 06:00:41.013, 13132 MiB, 16311 MiB, 96 %, 60, 142.20 W, 2752 MHz
2026/09/12 06:00:41.216, 13132 MiB, 16311 MiB, 97 %, 60, 142.19 W, 2752 MHz
2026/09/12 06:00:41.417, 13132 MiB, 16311 MiB, 94 %, 60, 141.35 W, 2752 MHz
2026/09/12 06:00:41.619, 13132 MiB, 16311 MiB, 97 %, 60, 141.29 W, 2752 MHz
2026/09/12 06:00:41.821, 13132 MiB, 16311 MiB, 97 %, 60, 141.37 W, 2752 MHz
2026/09/12 06:00:42.023, 13132 MiB, 16311 MiB, 80 %, 60, 137.41 W, 2752 MHz
2026/09/12 06:00:42.225, 13132 MiB, 16311 MiB, 97 %, 60, 137.35 W, 2752 MHz
2026/09/12 06:00:43.844, 13132 MiB, 16311 MiB, 97 %, 60, 138.10 W, 2752 MHz
2026/09/12 06:00:44.046, 13132 MiB, 16311 MiB, 97 %, 59, 138.25 W, 2752 MHz
2026/09/12 06:00:44.248, 13132 MiB, 16311 MiB, 97 %, 59, 138.30 W, 2752 MHz
2026/09/12 06:00:44.449, 13132 MiB, 16311 MiB, 97 %, 59, 141.34 W, 2752 MHz
2026/09/12 06:00:44.652, 13132 MiB, 16311 MiB, 97 %, 60, 142.47 W, 2752 MHz
2026/09/12 06:00:44.853, 13132 MiB, 16311 MiB, 97 %, 60, 142.44 W, 2752 MHz
2026/09/12 06:00:45.055, 13132 MiB, 16311 MiB, 97 %, 60, 142.50 W, 2752 MHz
2026/09/12 06:00:45.258, 13132 MiB, 16311 MiB, 97 %, 60, 142.49 W, 2752 MHz
2026/09/12 06:00:45.460, 13132 MiB, 16311 MiB, 97 %, 60, 142.46 W, 2752 MHz
2026/09/12 06:00:45.661, 13132 MiB, 16311 MiB, 97 %, 60, 142.43 W, 2752 MHz
2026/09/12 06:00:45.864, 13132 MiB, 16311 MiB, 97 %, 60, 142.45 W, 2752 MHz
2026/09/12 06:00:46.066, 13132 MiB, 16311 MiB, 97 %, 60, 142.44 W, 2752 MHz
2026/09/12 06:00:46.268, 13132 MiB, 16311 MiB, 97 %, 60, 142.39 W, 2752 MHz
2026/09/12 06:00:46.469, 13132 MiB, 16311 MiB, 97 %, 60, 142.38 W, 2752 MHz
2026/09/12 06:00:46.671, 13132 MiB, 16311 MiB, 97 %, 60, 142.42 W, 2752 MHz
2026/09/12 06:00:46.873, 13132 MiB, 16311 MiB, 97 %, 60, 142.34 W, 2752 MHz
2026/09/12 06:00:47.075, 13132 MiB, 16311 MiB, 97 %, 60, 142.36 W, 2752 MHz
2026/09/12 06:00:47.277, 13132 MiB, 16311 MiB, 97 %, 60, 142.40 W, 2752 MHz
2026/09/12 06:00:47.478, 13132 MiB, 16311 MiB, 97 %, 60, 142.48 W, 2752 MHz
2026/09/12 06:00:47.680, 13132 MiB, 16311 MiB, 96 %, 60, 142.13 W, 2752 MHz
2026/09/12 06:00:47.882, 13132 MiB, 16311 MiB, 95 %, 60, 141.40 W, 2752 MHz
2026/09/12 06:00:48.085, 13132 MiB, 16311 MiB, 97 %, 60, 141.52 W, 2752 MHz
2026/09/12 06:00:48.287, 13132 MiB, 16311 MiB, 84 %, 60, 138.47 W, 2752 MHz
2026/09/12 06:00:48.489, 13132 MiB, 16311 MiB, 90 %, 60, 136.71 W, 2752 MHz
2026/09/12 06:00:48.691, 13132 MiB, 16311 MiB, 97 %, 60, 137.04 W, 2760 MHz
2026/09/12 06:00:48.893, 13132 MiB, 16311 MiB, 97 %, 60, 138.18 W, 2760 MHz
2026/09/12 06:00:49.095, 13132 MiB, 16311 MiB, 96 %, 59, 138.10 W, 2760 MHz
2026/09/12 06:00:49.297, 13132 MiB, 16311 MiB, 97 %, 59, 138.12 W, 2752 MHz
2026/09/12 06:00:49.499, 13132 MiB, 16311 MiB, 97 %, 59, 142.30 W, 2752 MHz
2026/09/12 06:00:49.701, 13132 MiB, 16311 MiB, 97 %, 60, 142.38 W, 2752 MHz
2026/09/12 06:00:49.903, 13132 MiB, 16311 MiB, 97 %, 60, 142.36 W, 2752 MHz
2026/09/12 06:00:50.106, 13132 MiB, 16311 MiB, 97 %, 60, 142.48 W, 2752 MHz
2026/09/12 06:00:50.307, 13132 MiB, 16311 MiB, 97 %, 60, 142.52 W, 2752 MHz
2026/09/12 06:00:50.508, 13132 MiB, 16311 MiB, 97 %, 60, 142.50 W, 2752 MHz
2026/09/12 06:00:50.709, 13132 MiB, 16311 MiB, 97 %, 60, 142.53 W, 2752 MHz
2026/09/12 06:00:50.910, 13132 MiB, 16311 MiB, 97 %, 60, 142.53 W, 2752 MHz
2026/09/12 06:00:51.111, 13132 MiB, 16311 MiB, 97 %, 60, 142.43 W, 2752 MHz
2026/09/12 06:00:51.312, 13132 MiB, 16311 MiB, 97 %, 60, 142.43 W, 2752 MHz
2026/09/12 06:00:51.513, 13132 MiB, 16311 MiB, 97 %, 60, 142.36 W, 2752 MHz
2026/09/12 06:00:51.714, 13132 MiB, 16311 MiB, 97 %, 60, 142.36 W, 2752 MHz
2026/09/12 06:00:51.915, 13132 MiB, 16311 MiB, 97 %, 60, 142.33 W, 2752 MHz
2026/09/12 06:00:52.116, 13132 MiB, 16311 MiB, 97 %, 60, 142.40 W, 2752 MHz
2026/09/12 06:00:52.317, 13132 MiB, 16311 MiB, 97 %, 60, 142.40 W, 2752 MHz
2026/09/12 06:00:52.518, 13132 MiB, 16311 MiB, 93 %, 60, 141.67 W, 2752 MHz
2026/09/12 06:00:52.719, 13132 MiB, 16311 MiB, 97 %, 60, 141.65 W, 2752 MHz
2026/09/12 06:00:52.921, 13132 MiB, 16311 MiB, 97 %, 60, 140.87 W, 2752 MHz
2026/09/12 06:00:53.122, 13132 MiB, 16311 MiB, 80 %, 60, 137.48 W, 2752 MHz
2026/09/12 06:00:53.323, 13132 MiB, 16311 MiB, 96 %, 60, 137.44 W, 2752 MHz
2026/09/12 06:00:53.524, 13132 MiB, 16311 MiB, 97 %, 60, 138.69 W, 2767 MHz
2026/09/12 06:00:53.725, 13132 MiB, 16311 MiB, 97 %, 60, 138.67 W, 2767 MHz
2026/09/12 06:00:53.927, 13132 MiB, 16311 MiB, 97 %, 60, 139.34 W, 2752 MHz
2026/09/12 06:00:54.128, 13132 MiB, 16311 MiB, 97 %, 60, 142.37 W, 2752 MHz
2026/09/12 06:00:54.329, 13132 MiB, 16311 MiB, 97 %, 60, 142.39 W, 2752 MHz
2026/09/12 06:00:54.530, 13132 MiB, 16311 MiB, 97 %, 60, 142.44 W, 2752 MHz
2026/09/12 06:00:54.731, 13132 MiB, 16311 MiB, 97 %, 60, 142.50 W, 2752 MHz
2026/09/12 06:00:54.932, 13132 MiB, 16311 MiB, 97 %, 60, 142.49 W, 2752 MHz
2026/09/12 06:00:55.134, 13132 MiB, 16311 MiB, 97 %, 60, 142.48 W, 2752 MHz
2026/09/12 06:00:55.335, 13132 MiB, 16311 MiB, 97 %, 60, 142.51 W, 2752 MHz
2026/09/12 06:00:55.536, 13132 MiB, 16311 MiB, 97 %, 60, 142.58 W, 2752 MHz
2026/09/12 06:00:55.737, 13132 MiB, 16311 MiB, 97 %, 60, 142.57 W, 2752 MHz
2026/09/12 06:00:55.938, 13132 MiB, 16311 MiB, 97 %, 60, 142.52 W, 2752 MHz
2026/09/12 06:00:56.139, 13132 MiB, 16311 MiB, 97 %, 60, 142.48 W, 2752 MHz
2026/09/12 06:00:56.340, 13132 MiB, 16311 MiB, 97 %, 60, 142.53 W, 2752 MHz
2026/09/12 06:00:56.541, 13132 MiB, 16311 MiB, 97 %, 60, 142.44 W, 2752 MHz
2026/09/12 06:00:56.742, 13132 MiB, 16311 MiB, 97 %, 60, 142.45 W, 2752 MHz
2026/09/12 06:00:56.943, 13132 MiB, 16311 MiB, 97 %, 60, 141.69 W, 2752 MHz
2026/09/12 06:00:57.144, 13132 MiB, 16311 MiB, 94 %, 60, 141.69 W, 2752 MHz
2026/09/12 06:00:57.346, 13132 MiB, 16311 MiB, 97 %, 60, 141.58 W, 2752 MHz
2026/09/12 06:00:57.547, 13132 MiB, 16311 MiB, 97 %, 59, 138.06 W, 2752 MHz
2026/09/12 06:00:57.748, 13132 MiB, 16311 MiB, 97 %, 59, 137.34 W, 2752 MHz
2026/09/12 06:00:57.949, 13132 MiB, 16311 MiB, 97 %, 59, 138.23 W, 2752 MHz
2026/09/12 06:00:58.150, 13132 MiB, 16311 MiB, 97 %, 60, 138.25 W, 2752 MHz
2026/09/12 06:00:58.351, 13132 MiB, 16311 MiB, 97 %, 60, 138.29 W, 2752 MHz
2026/09/12 06:00:58.553, 13132 MiB, 16311 MiB, 97 %, 60, 141.87 W, 2752 MHz
2026/09/12 06:00:58.754, 13132 MiB, 16311 MiB, 97 %, 60, 142.50 W, 2752 MHz
2026/09/12 06:00:58.955, 13132 MiB, 16311 MiB, 97 %, 60, 142.52 W, 2752 MHz
2026/09/12 06:00:59.156, 13132 MiB, 16311 MiB, 97 %, 60, 142.58 W, 2752 MHz
2026/09/12 06:00:59.357, 13132 MiB, 16311 MiB, 97 %, 60, 142.57 W, 2752 MHz
2026/09/12 06:00:59.558, 13132 MiB, 16311 MiB, 97 %, 60, 142.56 W, 2752 MHz
2026/09/12 06:00:59.759, 13132 MiB, 16311 MiB, 97 %, 60, 142.45 W, 2752 MHz
2026/09/12 06:00:59.960, 13132 MiB, 16311 MiB, 97 %, 60, 142.42 W, 2752 MHz
2026/09/12 06:01:00.161, 13132 MiB, 16311 MiB, 97 %, 60, 142.43 W, 2752 MHz
2026/09/12 06:01:00.362, 13132 MiB, 16311 MiB, 97 %, 60, 142.41 W, 2752 MHz
2026/09/12 06:01:00.563, 13132 MiB, 16311 MiB, 96 %, 60, 142.24 W, 2752 MHz
2026/09/12 06:01:00.764, 13132 MiB, 16311 MiB, 97 %, 60, 142.22 W, 2752 MHz
2026/09/12 06:01:00.966, 13132 MiB, 16311 MiB, 97 %, 60, 142.37 W, 2752 MHz
2026/09/12 06:01:01.167, 13132 MiB, 16311 MiB, 97 %, 60, 142.40 W, 2752 MHz
2026/09/12 06:01:01.368, 13132 MiB, 16311 MiB, 97 %, 60, 142.46 W, 2752 MHz
2026/09/12 06:01:01.569, 13132 MiB, 16311 MiB, 94 %, 60, 141.82 W, 2752 MHz
2026/09/12 06:01:01.770, 13132 MiB, 16311 MiB, 97 %, 60, 141.84 W, 2752 MHz
2026/09/12 06:01:01.972, 13132 MiB, 16311 MiB, 82 %, 60, 138.57 W, 2752 MHz
2026/09/12 06:01:02.173, 13132 MiB, 16311 MiB, 94 %, 60, 137.49 W, 2752 MHz
2026/09/12 06:01:02.374, 13132 MiB, 16311 MiB, 97 %, 59, 137.84 W, 2752 MHz
2026/09/12 06:01:02.575, 13132 MiB, 16311 MiB, 97 %, 59, 138.67 W, 2752 MHz
2026/09/12 06:01:02.776, 13132 MiB, 16311 MiB, 97 %, 59, 138.43 W, 2752 MHz
2026/09/12 06:01:02.977, 13132 MiB, 16311 MiB, 97 %, 60, 141.67 W, 2752 MHz
2026/09/12 06:01:03.178, 13132 MiB, 16311 MiB, 97 %, 60, 142.60 W, 2752 MHz
2026/09/12 06:01:03.380, 13132 MiB, 16311 MiB, 97 %, 60, 142.68 W, 2752 MHz
2026/09/12 06:01:03.581, 13132 MiB, 16311 MiB, 97 %, 60, 142.56 W, 2752 MHz
2026/09/12 06:01:03.782, 13132 MiB, 16311 MiB, 97 %, 60, 142.64 W, 2752 MHz
2026/09/12 06:01:03.983, 13132 MiB, 16311 MiB, 97 %, 60, 142.56 W, 2752 MHz
2026/09/12 06:01:04.184, 13132 MiB, 16311 MiB, 97 %, 60, 142.66 W, 2752 MHz
2026/09/12 06:01:04.385, 13132 MiB, 16311 MiB, 97 %, 60, 142.74 W, 2752 MHz
2026/09/12 06:01:04.586, 13132 MiB, 16311 MiB, 97 %, 60, 142.80 W, 2752 MHz
2026/09/12 06:01:04.787, 13132 MiB, 16311 MiB, 97 %, 60, 142.75 W, 2752 MHz
2026/09/12 06:01:04.988, 13132 MiB, 16311 MiB, 97 %, 60, 142.82 W, 2752 MHz
2026/09/12 06:01:05.189, 13132 MiB, 16311 MiB, 97 %, 60, 142.84 W, 2752 MHz
2026/09/12 06:01:05.390, 13132 MiB, 16311 MiB, 97 %, 60, 142.87 W, 2752 MHz
2026/09/12 06:01:05.591, 13132 MiB, 16311 MiB, 97 %, 60, 142.81 W, 2752 MHz
2026/09/12 06:01:05.792, 13132 MiB, 16311 MiB, 97 %, 60, 142.88 W, 2752 MHz
2026/09/12 06:01:05.993, 13132 MiB, 16311 MiB, 93 %, 60, 142.06 W, 2752 MHz
2026/09/12 06:01:06.194, 13132 MiB, 16311 MiB, 97 %, 60, 141.98 W, 2752 MHz
2026/09/12 06:01:06.395, 13132 MiB, 16311 MiB, 97 %, 60, 141.90 W, 2752 MHz
2026/09/12 06:01:06.596, 13132 MiB, 16311 MiB, 78 %, 60, 138.04 W, 2752 MHz
2026/09/12 06:01:06.797, 13132 MiB, 16311 MiB, 97 %, 60, 137.37 W, 2752 MHz
2026/09/12 06:01:06.998, 13132 MiB, 16311 MiB, 97 %, 59, 138.32 W, 2752 MHz
2026/09/12 06:01:07.200, 13132 MiB, 16311 MiB, 97 %, 59, 138.71 W, 2752 MHz
2026/09/12 06:01:07.401, 13132 MiB, 16311 MiB, 96 %, 59, 138.62 W, 2752 MHz
2026/09/12 06:01:07.602, 13132 MiB, 16311 MiB, 97 %, 60, 142.50 W, 2752 MHz
2026/09/12 06:01:07.803, 13132 MiB, 16311 MiB, 97 %, 60, 142.62 W, 2752 MHz
2026/09/12 06:01:08.004, 13132 MiB, 16311 MiB, 97 %, 60, 142.60 W, 2752 MHz
2026/09/12 06:01:08.205, 13132 MiB, 16311 MiB, 97 %, 60, 142.59 W, 2752 MHz
2026/09/12 06:01:08.406, 13132 MiB, 16311 MiB, 97 %, 60, 142.74 W, 2752 MHz
2026/09/12 06:01:08.607, 13132 MiB, 16311 MiB, 97 %, 60, 142.75 W, 2752 MHz
2026/09/12 06:01:08.809, 13132 MiB, 16311 MiB, 97 %, 60, 142.75 W, 2752 MHz
2026/09/12 06:01:09.010, 13132 MiB, 16311 MiB, 97 %, 60, 142.73 W, 2752 MHz
2026/09/12 06:01:09.211, 13132 MiB, 16311 MiB, 97 %, 60, 142.74 W, 2752 MHz
2026/09/12 06:01:09.412, 13132 MiB, 16311 MiB, 97 %, 60, 142.71 W, 2752 MHz
2026/09/12 06:01:09.613, 13132 MiB, 16311 MiB, 97 %, 60, 142.69 W, 2752 MHz
2026/09/12 06:01:09.815, 13132 MiB, 16311 MiB, 97 %, 60, 142.69 W, 2752 MHz
2026/09/12 06:01:10.016, 13132 MiB, 16311 MiB, 97 %, 60, 142.72 W, 2752 MHz
2026/09/12 06:01:10.217, 13132 MiB, 16311 MiB, 97 %, 60, 142.76 W, 2752 MHz
2026/09/12 06:01:10.418, 13132 MiB, 16311 MiB, 97 %, 60, 142.81 W, 2752 MHz
2026/09/12 06:01:10.619, 13132 MiB, 16311 MiB, 97 %, 60, 142.69 W, 2752 MHz
2026/09/12 06:01:10.820, 13132 MiB, 16311 MiB, 94 %, 60, 141.74 W, 2752 MHz
2026/09/12 06:01:11.021, 13132 MiB, 16311 MiB, 95 %, 60, 141.79 W, 2752 MHz
2026/09/12 06:01:11.222, 13132 MiB, 16311 MiB, 97 %, 60, 141.72 W, 2752 MHz
2026/09/12 06:01:11.423, 13132 MiB, 16311 MiB, 85 %, 60, 137.31 W, 2752 MHz
2026/09/12 06:01:11.625, 13132 MiB, 16311 MiB, 91 %, 60, 137.67 W, 2752 MHz
2026/09/12 06:01:11.826, 13132 MiB, 16311 MiB, 97 %, 60, 138.18 W, 2752 MHz
2026/09/12 06:01:12.027, 13132 MiB, 16311 MiB, 97 %, 60, 138.56 W, 2752 MHz
2026/09/12 06:01:12.228, 13132 MiB, 16311 MiB, 97 %, 60, 138.16 W, 2752 MHz
2026/09/12 06:01:12.429, 13132 MiB, 16311 MiB, 97 %, 60, 141.25 W, 2752 MHz
2026/09/12 06:01:12.630, 13132 MiB, 16311 MiB, 97 %, 60, 142.53 W, 2752 MHz
2026/09/12 06:01:12.831, 13132 MiB, 16311 MiB, 97 %, 60, 142.63 W, 2752 MHz
2026/09/12 06:01:13.032, 13132 MiB, 16311 MiB, 97 %, 60, 142.72 W, 2752 MHz
2026/09/12 06:01:13.233, 13132 MiB, 16311 MiB, 97 %, 60, 142.74 W, 2752 MHz
2026/09/12 06:01:13.434, 13132 MiB, 16311 MiB, 97 %, 60, 142.79 W, 2752 MHz
2026/09/12 06:01:13.635, 13132 MiB, 16311 MiB, 97 %, 60, 142.76 W, 2752 MHz
2026/09/12 06:01:13.836, 13132 MiB, 16311 MiB, 97 %, 60, 142.79 W, 2752 MHz
2026/09/12 06:01:14.038, 13132 MiB, 16311 MiB, 97 %, 60, 142.82 W, 2752 MHz
2026/09/12 06:01:14.239, 13132 MiB, 16311 MiB, 97 %, 60, 142.88 W, 2752 MHz
2026/09/12 06:01:14.442, 13132 MiB, 16311 MiB, 97 %, 60, 142.86 W, 2752 MHz
2026/09/12 06:01:14.647, 13132 MiB, 16311 MiB, 97 %, 60, 142.75 W, 2752 MHz
2026/09/12 06:01:14.851, 13132 MiB, 16311 MiB, 97 %, 60, 142.81 W, 2752 MHz
2026/09/12 06:01:15.055, 13132 MiB, 16311 MiB, 97 %, 60, 142.75 W, 2752 MHz
2026/09/12 06:01:15.260, 13132 MiB, 16311 MiB, 97 %, 60, 142.63 W, 2752 MHz
2026/09/12 06:01:15.464, 13132 MiB, 16311 MiB, 97 %, 60, 142.63 W, 2752 MHz
2026/09/12 06:01:15.669, 13132 MiB, 16311 MiB, 94 %, 60, 141.90 W, 2752 MHz
2026/09/12 06:01:15.873, 13132 MiB, 16311 MiB, 97 %, 60, 141.91 W, 2752 MHz
2026/09/12 06:01:17.626, 13132 MiB, 16311 MiB, 97 %, 60, 141.89 W, 2752 MHz
2026/09/12 06:01:17.830, 13132 MiB, 16311 MiB, 80 %, 60, 137.99 W, 2752 MHz
2026/09/12 06:01:18.035, 13132 MiB, 16311 MiB, 97 %, 60, 137.87 W, 2752 MHz
2026/09/12 06:01:18.239, 13132 MiB, 16311 MiB, 97 %, 60, 138.77 W, 2760 MHz
2026/09/12 06:01:18.444, 13132 MiB, 16311 MiB, 97 %, 60, 138.72 W, 2760 MHz
2026/09/12 06:01:18.648, 13132 MiB, 16311 MiB, 97 %, 60, 138.70 W, 2752 MHz
2026/09/12 06:01:18.852, 13132 MiB, 16311 MiB, 97 %, 60, 140.76 W, 2752 MHz
2026/09/12 06:01:19.056, 13132 MiB, 16311 MiB, 97 %, 60, 142.67 W, 2752 MHz
2026/09/12 06:01:19.261, 13132 MiB, 16311 MiB, 97 %, 60, 142.61 W, 2752 MHz
2026/09/12 06:01:19.466, 13132 MiB, 16311 MiB, 97 %, 60, 142.57 W, 2752 MHz
2026/09/12 06:01:19.671, 13132 MiB, 16311 MiB, 97 %, 60, 142.50 W, 2752 MHz
2026/09/12 06:01:19.875, 13132 MiB, 16311 MiB, 97 %, 60, 142.47 W, 2752 MHz
2026/09/12 06:01:20.079, 13132 MiB, 16311 MiB, 97 %, 60, 142.52 W, 2752 MHz
2026/09/12 06:01:20.284, 13132 MiB, 16311 MiB, 97 %, 60, 142.64 W, 2752 MHz
2026/09/12 06:01:20.489, 13132 MiB, 16311 MiB, 97 %, 60, 142.70 W, 2752 MHz
2026/09/12 06:01:20.693, 13132 MiB, 16311 MiB, 97 %, 60, 142.78 W, 2752 MHz
2026/09/12 06:01:20.898, 13132 MiB, 16311 MiB, 97 %, 60, 142.82 W, 2752 MHz
2026/09/12 06:01:21.102, 13132 MiB, 16311 MiB, 97 %, 60, 142.83 W, 2752 MHz
2026/09/12 06:01:21.306, 13132 MiB, 16311 MiB, 97 %, 60, 142.80 W, 2752 MHz
2026/09/12 06:01:21.511, 13132 MiB, 16311 MiB, 97 %, 60, 142.69 W, 2752 MHz
2026/09/12 06:01:21.715, 13132 MiB, 16311 MiB, 97 %, 60, 142.60 W, 2752 MHz
2026/09/12 06:01:21.920, 13132 MiB, 16311 MiB, 97 %, 60, 142.58 W, 2752 MHz
2026/09/12 06:01:22.124, 13132 MiB, 16311 MiB, 97 %, 60, 142.60 W, 2752 MHz
2026/09/12 06:01:22.329, 13132 MiB, 16311 MiB, 93 %, 60, 141.70 W, 2752 MHz
2026/09/12 06:01:22.533, 13132 MiB, 16311 MiB, 97 %, 60, 141.61 W, 2752 MHz
2026/09/12 06:01:22.738, 13132 MiB, 16311 MiB, 94 %, 60, 141.58 W, 2752 MHz
2026/09/12 06:01:22.942, 13132 MiB, 16311 MiB, 82 %, 60, 137.98 W, 2752 MHz
2026/09/12 06:01:23.146, 13132 MiB, 16311 MiB, 97 %, 60, 137.44 W, 2752 MHz
2026/09/12 06:01:23.350, 13132 MiB, 16311 MiB, 97 %, 60, 138.43 W, 2767 MHz
2026/09/12 06:01:23.551, 13132 MiB, 16311 MiB, 97 %, 60, 138.90 W, 2767 MHz
2026/09/12 06:01:23.752, 13132 MiB, 16311 MiB, 97 %, 60, 138.90 W, 2752 MHz
2026/09/12 06:01:23.953, 13132 MiB, 16311 MiB, 97 %, 60, 142.54 W, 2752 MHz
2026/09/12 06:01:24.154, 13132 MiB, 16311 MiB, 97 %, 60, 142.71 W, 2752 MHz
2026/09/12 06:01:24.355, 13132 MiB, 16311 MiB, 96 %, 60, 142.61 W, 2752 MHz
2026/09/12 06:01:24.556, 13132 MiB, 16311 MiB, 97 %, 60, 142.66 W, 2752 MHz
2026/09/12 06:01:24.757, 13132 MiB, 16311 MiB, 97 %, 60, 142.70 W, 2752 MHz
2026/09/12 06:01:24.958, 13132 MiB, 16311 MiB, 97 %, 60, 142.67 W, 2752 MHz
2026/09/12 06:01:25.159, 13132 MiB, 16311 MiB, 97 %, 61, 142.77 W, 2752 MHz
2026/09/12 06:01:25.360, 13132 MiB, 16311 MiB, 97 %, 61, 142.85 W, 2752 MHz
2026/09/12 06:01:25.561, 13132 MiB, 16311 MiB, 97 %, 61, 142.87 W, 2752 MHz
2026/09/12 06:01:25.762, 13132 MiB, 16311 MiB, 97 %, 60, 142.83 W, 2752 MHz
2026/09/12 06:01:25.963, 13132 MiB, 16311 MiB, 97 %, 60, 142.73 W, 2752 MHz
2026/09/12 06:01:26.164, 13132 MiB, 16311 MiB, 97 %, 60, 142.62 W, 2752 MHz
2026/09/12 06:01:26.365, 13132 MiB, 16311 MiB, 97 %, 60, 142.60 W, 2752 MHz
2026/09/12 06:01:26.566, 13132 MiB, 16311 MiB, 97 %, 60, 142.55 W, 2752 MHz
2026/09/12 06:01:26.767, 13132 MiB, 16311 MiB, 97 %, 60, 142.56 W, 2752 MHz
2026/09/12 06:01:26.968, 13132 MiB, 16311 MiB, 94 %, 60, 141.80 W, 2752 MHz
2026/09/12 06:01:27.170, 13132 MiB, 16311 MiB, 97 %, 60, 141.77 W, 2752 MHz
2026/09/12 06:01:27.371, 13132 MiB, 16311 MiB, 80 %, 60, 137.99 W, 2752 MHz
2026/09/12 06:01:27.580, 13132 MiB, 16311 MiB, 94 %, 59, 137.61 W, 2752 MHz
2026/09/12 06:01:27.781, 13132 MiB, 16311 MiB, 97 %, 59, 137.76 W, 2752 MHz
2026/09/12 06:01:27.982, 13132 MiB, 16311 MiB, 97 %, 59, 138.07 W, 2752 MHz
2026/09/12 06:01:28.183, 13132 MiB, 16311 MiB, 97 %, 60, 138.55 W, 2752 MHz
2026/09/12 06:01:28.384, 13132 MiB, 16311 MiB, 97 %, 60, 141.97 W, 2752 MHz
2026/09/12 06:01:28.585, 13132 MiB, 16311 MiB, 97 %, 60, 142.74 W, 2752 MHz
2026/09/12 06:01:28.786, 13132 MiB, 16311 MiB, 97 %, 60, 142.71 W, 2752 MHz
2026/09/12 06:01:28.987, 13132 MiB, 16311 MiB, 97 %, 60, 142.76 W, 2752 MHz
2026/09/12 06:01:29.189, 13132 MiB, 16311 MiB, 97 %, 60, 142.68 W, 2752 MHz
2026/09/12 06:01:29.390, 13132 MiB, 16311 MiB, 97 %, 60, 142.74 W, 2752 MHz
2026/09/12 06:01:29.591, 13132 MiB, 16311 MiB, 97 %, 60, 142.76 W, 2752 MHz
2026/09/12 06:01:29.792, 13132 MiB, 16311 MiB, 97 %, 60, 142.78 W, 2752 MHz
2026/09/12 06:01:29.993, 13132 MiB, 16311 MiB, 97 %, 60, 142.75 W, 2752 MHz
2026/09/12 06:01:30.194, 13132 MiB, 16311 MiB, 97 %, 60, 142.75 W, 2752 MHz
2026/09/12 06:01:30.396, 13132 MiB, 16311 MiB, 97 %, 60, 142.71 W, 2752 MHz
2026/09/12 06:01:30.598, 13132 MiB, 16311 MiB, 97 %, 60, 142.72 W, 2752 MHz
2026/09/12 06:01:30.799, 13132 MiB, 16311 MiB, 97 %, 60, 142.68 W, 2752 MHz
2026/09/12 06:01:31.000, 13132 MiB, 16311 MiB, 97 %, 60, 142.65 W, 2752 MHz
2026/09/12 06:01:31.202, 13132 MiB, 16311 MiB, 97 %, 60, 142.61 W, 2752 MHz
2026/09/12 06:01:31.403, 13132 MiB, 16311 MiB, 97 %, 60, 141.72 W, 2752 MHz
2026/09/12 06:01:31.604, 13132 MiB, 16311 MiB, 97 %, 60, 141.55 W, 2752 MHz
2026/09/12 06:01:31.805, 13132 MiB, 16311 MiB, 97 %, 60, 141.71 W, 2752 MHz
2026/09/12 06:01:32.005, 13132 MiB, 16311 MiB, 17 %, 60, 123.75 W, 2752 MHz
2026/09/12 06:01:32.207, 13132 MiB, 16311 MiB, 0 %, 52, 101.43 W, 2752 MHz
2026/09/12 06:01:32.407, 13132 MiB, 16311 MiB, 0 %, 52, 85.62 W, 2752 MHz
2026/09/12 06:01:32.608, 13132 MiB, 16311 MiB, 0 %, 52, 55.20 W, 2782 MHz
2026/09/12 06:01:32.810, 13132 MiB, 16311 MiB, 0 %, 49, 35.22 W, 2782 MHz
2026/09/12 06:01:33.011, 13132 MiB, 16311 MiB, 0 %, 49, 35.22 W, 2790 MHz
2026/09/12 06:01:33.212, 13132 MiB, 16311 MiB, 0 %, 49, 35.22 W, 2790 MHz
2026/09/12 06:01:33.413, 13132 MiB, 16311 MiB, 0 %, 49, 35.22 W, 2790 MHz
2026/09/12 06:01:33.614, 13132 MiB, 16311 MiB, 0 %, 49, 27.84 W, 2790 MHz
2026/09/12 06:01:33.815, 13132 MiB, 16311 MiB, 0 %, 49, 27.84 W, 2707 MHz
2026/09/12 06:01:34.017, 13132 MiB, 16311 MiB, 0 %, 47, 27.84 W, 2707 MHz
2026/09/12 06:01:34.218, 13132 MiB, 16311 MiB, 0 %, 47, 27.84 W, 2707 MHz
2026/09/12 06:01:34.419, 13132 MiB, 16311 MiB, 0 %, 47, 27.84 W, 2707 MHz
2026/09/12 06:01:34.620, 13132 MiB, 16311 MiB, 0 %, 47, 22.59 W, 2707 MHz
2026/09/12 06:01:34.821, 13132 MiB, 16311 MiB, 0 %, 47, 22.59 W, 457 MHz
2026/09/12 06:01:35.022, 13132 MiB, 16311 MiB, 0 %, 47, 22.59 W, 457 MHz
2026/09/12 06:01:35.224, 13132 MiB, 16311 MiB, 0 %, 46, 22.59 W, 457 MHz
2026/09/12 06:01:35.425, 13132 MiB, 16311 MiB, 0 %, 46, 22.59 W, 457 MHz